Lineage,Speciation_Rate,Extinction_Rate,Net.diversification_Rate,Taxonomic.group,Biogeographic.origin,Habitat,tip_names
Gegeneophis,0.030116727987167,0.00357820304427785,0.0265385249428892,Herpetofauna,Gondwanan,Wet,GegeneophisG_orientalis
Gegeneophis,0.0358934244949902,0.00426453899149529,0.0316288855034949,Herpetofauna,Gondwanan,Wet,GegeneophisG_primus
Gegeneophis,0.0365094654335822,0.00433773152299502,0.0321717339105872,Herpetofauna,Gondwanan,Wet,GegeneophisG_carnosus
Gegeneophis,0.0324100592380164,0.00385067636431525,0.0285593828737011,Herpetofauna,Gondwanan,Wet,GegeneophisG_krishni
Gegeneophis,0.0336927069111084,0.00400306920760652,0.0296896377035019,Herpetofauna,Gondwanan,Wet,GegeneophisG_BNHS_11
Gegeneophis,0.0332013402179415,0.00394468936640677,0.0292566508515347,Herpetofauna,Gondwanan,Wet,GegeneophisG_BNHS_9
Gegeneophis,0.0294183326798361,0.00349522589563589,0.0259231067842002,Herpetofauna,Gondwanan,Wet,GegeneophisG_seshachari
Gegeneophis,0.0371804107232382,0.0044174473035079,0.0327629634197303,Herpetofauna,Gondwanan,Wet,GegeneophisG_ramaswamii
Gegeneophis,0.0349648214834211,0.00415421060109584,0.0308106108823253,Herpetofauna,Gondwanan,Wet,GegeneophisG_pareshi
Gegeneophis,0.0375960351980753,0.00446682812475024,0.0331292070733251,Herpetofauna,Gondwanan,Wet,GegeneophisG_madhavai
Gegeneophis,0.0401485764262278,0.00477009847992002,0.0353784779463078,Herpetofauna,Gondwanan,Wet,GegeneophisG_goaensis
Gegeneophis,0.0344008698704668,0.004087206862205,0.0303136630082618,Herpetofauna,Gondwanan,Wet,GegeneophisG_danieli
Gegeneophis,0.0357429402536411,0.00424665978593416,0.031496280467707,Herpetofauna,Gondwanan,Wet,GegeneophisG_mhadeiensis
Gegeneophis,0.036091562425637,0.00428807998661699,0.0318034824390201,Herpetofauna,Gondwanan,Wet,GegeneophisG_cf_mhadeiensis
Nyctibatrachidae,0.092977741023422,0.00542112490992241,0.0875566161134996,Herpetofauna,Gondwanan,Wet,NyctibatrachidaeN_beddomii_CESF779
Nyctibatrachidae,0.0959211925162107,0.00559274467647154,0.0903284478397391,Herpetofauna,Gondwanan,Wet,NyctibatrachidaeN_manalari_CESF686
Nyctibatrachidae,0.0910603731867598,0.0053093315879251,0.0857510415988347,Herpetofauna,Gondwanan,Wet,NyctibatrachidaeN_beddomii_2_CESF1816
Nyctibatrachidae,0.0800620903150885,0.00466806987748012,0.0753940204376084,Herpetofauna,Gondwanan,Wet,NyctibatrachidaeN_robinmoorei_CESF764
Nyctibatrachidae,0.0790434608739178,0.00460867805555879,0.074434782818359,Herpetofauna,Gondwanan,Wet,NyctibatrachidaeN_beddomii_5_CESF773
Nyctibatrachidae,0.089593762448397,0.00522381993836916,0.0843699425100278,Herpetofauna,Gondwanan,Wet,NyctibatrachidaeN_anamallaiensis_4_CESF705
Nyctibatrachidae,0.0876866340829371,0.00511262363509685,0.0825740104478402,Herpetofauna,Gondwanan,Wet,NyctibatrachidaeN_pulivijayani_CESF759
Nyctibatrachidae,0.0972531700411477,0.00567040645293989,0.0915827635882078,Herpetofauna,Gondwanan,Wet,NyctibatrachidaeN_minimus_4_CESF2541
Nyctibatrachidae,0.105407643830735,0.00614585810944879,0.0992617857212863,Herpetofauna,Gondwanan,Wet,NyctibatrachidaeN_sabarimalai_CESF970
Nyctibatrachidae,0.0917598349149897,0.00535011413820764,0.086409720776782,Herpetofauna,Gondwanan,Wet,NyctibatrachidaeN_anamallainesis_5_CESF977
Nyctibatrachidae,0.103367945696635,0.00602693224351809,0.0973410134531172,Herpetofauna,Gondwanan,Wet,NyctibatrachidaeN_beddomii_3_CESF2090
Nyctibatrachidae,0.103439411697829,0.00603109911308299,0.097408312584746,Herpetofauna,Gondwanan,Wet,NyctibatrachidaeN_minimus_1_CESF2531
Nyctibatrachidae,0.104597539492369,0.00609862447309656,0.0984989150192725,Herpetofauna,Gondwanan,Wet,NyctibatrachidaeN_minimus_3_CESF2513
Nyctibatrachidae,0.0904374612473652,0.00527301232060187,0.0851644489267633,Herpetofauna,Gondwanan,Wet,NyctibatrachidaeN_anamallaiensis_1_CESF513
Nyctibatrachidae,0.103250103460172,0.00602006137876592,0.0972300420814057,Herpetofauna,Gondwanan,Wet,NyctibatrachidaeN_anamallaiensis_CESF2505
Nyctibatrachidae,0.0882453343702205,0.00514519900218187,0.0831001353680387,Herpetofauna,Gondwanan,Wet,NyctibatrachidaeN_minimus_CESF1531
Nyctibatrachidae,0.0853848630198556,0.0049784174443499,0.0804064455755057,Herpetofauna,Gondwanan,Wet,NyctibatrachidaeN_minimus_2_CESF938
Nyctibatrachidae,0.0831130028627029,0.0048459552275415,0.0782670476351614,Herpetofauna,Gondwanan,Wet,NyctibatrachidaeNyctibatrachus_webilla
Nyctibatrachidae,0.0770264798735895,0.00449107672621519,0.0725354031473744,Herpetofauna,Gondwanan,Wet,NyctibatrachidaeN_deccanensis_CESF713
Nyctibatrachidae,0.0886249829682135,0.00516733464936949,0.083457648318844,Herpetofauna,Gondwanan,Wet,NyctibatrachidaeN_minor_CESF657
Nyctibatrachidae,0.0960490550506804,0.00560019978091944,0.0904488552697609,Herpetofauna,Gondwanan,Wet,NyctibatrachidaeN_vasanthi_CESF751
Nyctibatrachidae,0.0864854908111911,0.00504259023098127,0.0814429005802099,Herpetofauna,Gondwanan,Wet,NyctibatrachidaeN_vasanthi_1_CESF2108
Nyctibatrachidae,0.0841007260940888,0.00490354504371509,0.0791971810503737,Herpetofauna,Gondwanan,Wet,NyctibatrachidaeN_pillai_CESF863
Nyctibatrachidae,0.0853603107014673,0.00497698590618447,0.0803833247952828,Herpetofauna,Gondwanan,Wet,NyctibatrachidaeNyctibatrachus_periyar
Nyctibatrachidae,0.0848208516436699,0.00494553241092938,0.0798753192327405,Herpetofauna,Gondwanan,Wet,NyctibatrachidaeN_deveni_CESF992
Nyctibatrachidae,0.0788335390655333,0.00459643843420379,0.0742371006313295,Herpetofauna,Gondwanan,Wet,NyctibatrachidaeN_aliciae_1_CESF781
Nyctibatrachidae,0.094160098978836,0.00549006302450754,0.0886700359543284,Herpetofauna,Gondwanan,Wet,NyctibatrachidaeN_aliciae_CESF597
Nyctibatrachidae,0.0864117795018977,0.00503829244733375,0.0813734870545639,Herpetofauna,Gondwanan,Wet,NyctibatrachidaeN_poocha_1_CESF973
Nyctibatrachidae,0.0800215894411152,0.00466570844888062,0.0753558809922346,Herpetofauna,Gondwanan,Wet,NyctibatrachidaeN_poocha_CESF707
Nyctibatrachidae,0.0849341448726306,0.00495213804297512,0.0799820068296555,Herpetofauna,Gondwanan,Wet,NyctibatrachidaeN_mewasinghi_CESF2534
Nyctibatrachidae,0.0783363947626471,0.00456745212700234,0.0737689426356447,Herpetofauna,Gondwanan,Wet,NyctibatrachidaeN_athirappillyensis_CESF993
Nyctibatrachidae,0.0839390952963265,0.00489412105971295,0.0790449742366135,Herpetofauna,Gondwanan,Wet,NyctibatrachidaeN_kempholeyensis_CESF789
Nyctibatrachidae,0.0861751686969342,0.00502449670746498,0.0811506719894692,Herpetofauna,Gondwanan,Wet,NyctibatrachidaeN_humayuni_CESF2665
Nyctibatrachidae,0.0836272528537985,0.00487593889251302,0.0787513139612855,Herpetofauna,Gondwanan,Wet,NyctibatrachidaeN_petraeus_CESF2565
Nyctibatrachidae,0.0767431327811515,0.00447455599809185,0.0722685767830597,Herpetofauna,Gondwanan,Wet,NyctibatrachidaeN_jog_CESF2598
Nyctibatrachidae,0.085160469538379,0.00496533404311142,0.0801951354952675,Herpetofauna,Gondwanan,Wet,NyctibatrachidaeN_danieli_CESF2651
Nyctibatrachidae,0.0958766437442086,0.00559014723266457,0.0902864965115441,Herpetofauna,Gondwanan,Wet,NyctibatrachidaeN_indraneili_1_CESF2610
Nyctibatrachidae,0.0997786577756198,0.00581765658309309,0.0939610011925267,Herpetofauna,Gondwanan,Wet,NyctibatrachidaeN_karnatakaensis_CESF2593
Nyctibatrachidae,0.107216059798692,0.0062512989251051,0.100964760873587,Herpetofauna,Gondwanan,Wet,NyctibatrachidaeN_sanctipalustris_CESF951
Nyctibatrachidae,0.103284422702862,0.00602206238351598,0.0972623603193459,Herpetofauna,Gondwanan,Wet,NyctibatrachidaeN_sanctipalustris_2_CESF2547
Nyctibatrachidae,0.0912682655399078,0.00532145288063267,0.0859468126592751,Herpetofauna,Gondwanan,Wet,NyctibatrachidaeN_sanctialustris_1_CESF886
Nyctibatrachidae,0.112492249466924,0.00655893043911152,0.105933319027813,Herpetofauna,Gondwanan,Wet,NyctibatrachidaeN_kumbara_CESF2600
Nyctibatrachidae,0.0976768949640543,0.00569511199761369,0.0919817829664406,Herpetofauna,Gondwanan,Wet,NyctibatrachidaeN_dattatreyaensis_1_CESF2615
Nyctibatrachidae,0.0907760670105675,0.00529275493982809,0.0854833120707394,Herpetofauna,Gondwanan,Wet,NyctibatrachidaeN_dattatreyaensis_CESF796
Nyctibatrachidae,0.101069134078823,0.00589289860506475,0.0951762354737582,Herpetofauna,Gondwanan,Wet,NyctibatrachidaeN_shiradi_3_CESF2587
Nyctibatrachidae,0.112004041106788,0.00653046514759943,0.105473575959189,Herpetofauna,Gondwanan,Wet,NyctibatrachidaeN_shiradi_2_CESF2599
Nyctibatrachidae,0.110776827964096,0.00645891172347441,0.104317916240621,Herpetofauna,Gondwanan,Wet,NyctibatrachidaeN_vrijeuni_CESF831
Nyctibatrachidae,0.0996535433443388,0.0058103617085076,0.0938431816358312,Herpetofauna,Gondwanan,Wet,NyctibatrachidaeN_shiradi_1_CESF905
Nyctibatrachidae,0.0989268720767255,0.00576799268913994,0.0931588793875856,Herpetofauna,Gondwanan,Wet,NyctibatrachidaeN_shiradi_CESF803
Nyctibatrachidae,0.0874801385251439,0.00510058378340956,0.0823795547417343,Herpetofauna,Gondwanan,Wet,NyctibatrachidaeN_radcliffei_CESF1621
Nyctibatrachidae,0.0930415043445605,0.00542484266994495,0.0876166616746155,Herpetofauna,Gondwanan,Wet,NyctibatrachidaeN_grandis_1_CESF2518
Nyctibatrachidae,0.0873036959111731,0.00509029618726838,0.0822133997239048,Herpetofauna,Gondwanan,Wet,NyctibatrachidaeN_major_CESF856
Nyctibatrachidae,0.080523596671637,0.00469497829209671,0.0758286183795403,Herpetofauna,Gondwanan,Wet,NyctibatrachidaeN_acanthodermis_CESF2501
Nyctibatrachidae,0.0794109236465643,0.00463010320063476,0.0747808204459296,Herpetofauna,Gondwanan,Wet,NyctibatrachidaeN_gavi_CESF1733
Nyctibatrachidae,0.0796777711973705,0.00464566191274052,0.07503210928463,Herpetofauna,Gondwanan,Wet,NyctibatrachidaeN_grandis_CESF893
Nyctibatrachidae,0.0889323735638573,0.00518525724887318,0.0837471163149842,Herpetofauna,Gondwanan,Wet,NyctibatrachidaeN_sylvaticus_CESF920
Nyctibatrachidae,0.0888227554476682,0.00517886589655906,0.0836438895511092,Herpetofauna,Gondwanan,Wet,NyctibatrachidaeN_indraneili_CESF1836
Nyctibatrachidae,0.0760517471305288,0.00443424432852774,0.071617502802001,Herpetofauna,Gondwanan,Wet,NyctibatrachidaeLankanectes_corrugatus
Pseudophilautus,0.068654296414694,0.0401478051323044,0.0285064912823897,Herpetofauna,Asian,Wet,Pseudophilautus_papillosus
Pseudophilautus,0.0588678254169808,0.034424851856724,0.0244429735602568,Herpetofauna,Asian,Wet,Pseudophilautus_reticulatus
Pseudophilautus,0.0718804924924861,0.0420344269202174,0.0298460655722687,Herpetofauna,Asian,Wet,Pseudophilautus_silus
Pseudophilautus,0.0640752411015859,0.0374700554501831,0.0266051856514028,Herpetofauna,Asian,Wet,Pseudophilautus_fulvus
Pseudophilautus,0.0712870788486689,0.0416874092304443,0.0295996696182246,Herpetofauna,Asian,Wet,Pseudophilautus_microtympanum
Pseudophilautus,0.0602606476550659,0.0352393494004875,0.0250212982545784,Herpetofauna,Asian,Wet,Pseudophilautus_steineri
Pseudophilautus,0.047789855676024,0.027946653205688,0.019843202470336,Herpetofauna,Asian,Wet,Pseudophilautus_sordidus
Pseudophilautus,0.0488380233647317,0.0285596029307573,0.0202784204339744,Herpetofauna,Asian,Wet,Pseudophilautus_macropus
Pseudophilautus,0.0840439068662811,0.0491473741868079,0.0348965326794732,Herpetofauna,Asian,Wet,Pseudophilautus_conniffae
Pseudophilautus,0.0606471686382569,0.035465379961182,0.0251817886770749,Herpetofauna,Asian,Wet,Pseudophilautus_frankenbergi
Pseudophilautus,0.0563227421776488,0.0329365326797128,0.0233862094979359,Herpetofauna,Asian,Wet,Pseudophilautus_cf_frankenbergi
Pseudophilautus,0.0426132237953716,0.0249194514304233,0.0176937723649483,Herpetofauna,Asian,Wet,Pseudophilautus_poppiae
Pseudophilautus,0.0499683906060505,0.0292206214846186,0.0207477691214319,Herpetofauna,Asian,Wet,Pseudophilautus_mooreorum
Pseudophilautus,0.0564341830121055,0.0330017012873485,0.023432481724757,Herpetofauna,Asian,Wet,Pseudophilautus_cf_mooreorum
Pseudophilautus,0.0497230367478826,0.0290771429348323,0.0206458938130504,Herpetofauna,Asian,Wet,Pseudophilautus_femoralis
Pseudophilautus,0.0689726251671103,0.040333958095592,0.0286386670715184,Herpetofauna,Asian,Wet,Pseudophilautus_sp
Pseudophilautus,0.0711480357136122,0.0416060992908955,0.0295419364227166,Herpetofauna,Asian,Wet,Pseudophilautus_stellatus
Pseudophilautus,0.0935792013060166,0.0547234439018522,0.0388557574041645,Herpetofauna,Asian,Wet,Pseudophilautus_puranappu
Pseudophilautus,0.0662525944775233,0.0387433327774064,0.0275092617001169,Herpetofauna,Asian,Wet,Pseudophilautus_fergusonianus
Pseudophilautus,0.069797751561773,0.0408164772594668,0.0289812743023061,Herpetofauna,Asian,Wet,Pseudophilautus_hallidayi
Pseudophilautus,0.0813276459228549,0.0475589533487812,0.0337686925740738,Herpetofauna,Asian,Wet,Pseudophilautus_cavirostris
Pseudophilautus,0.0464993250517695,0.027191973968909,0.0193073510828605,Herpetofauna,Asian,Wet,Pseudophilautus_cf_popularis
Pseudophilautus,0.0477574338784061,0.0279276935180824,0.0198297403603237,Herpetofauna,Asian,Wet,Pseudophilautus_popularis
Pseudophilautus,0.0667818431315429,0.0390528279282964,0.0277290152032465,Herpetofauna,Asian,Wet,Pseudophilautus_alto
Pseudophilautus,0.0652141253831675,0.0381360546169213,0.0270780707662462,Herpetofauna,Asian,Wet,Pseudophilautus_stuarti
Pseudophilautus,0.0565189508601305,0.0330512720093822,0.0234676788507483,Herpetofauna,Asian,Wet,Pseudophilautus_viridis
Pseudophilautus,0.0670421325473871,0.0392050405251919,0.0278370920221952,Herpetofauna,Asian,Wet,Pseudophilautus_lunatus
Pseudophilautus,0.054798168178691,0.0320449890616672,0.0227531791170238,Herpetofauna,Asian,Wet,Pseudophilautus_sarasinorum
Pseudophilautus,0.0420508295389265,0.0245905733238166,0.01746025621511,Herpetofauna,Asian,Wet,Pseudophilautus_procax
Pseudophilautus,0.0377548704236486,0.0220783732369534,0.0156764971866952,Herpetofauna,Asian,Wet,Pseudophilautus_abundus
Pseudophilautus,0.0686486665287643,0.0401445128756646,0.0285041536530998,Herpetofauna,Asian,Wet,Pseudophilautus_newtonjayawardanei
Pseudophilautus,0.0442104897377246,0.0258535039973699,0.0183569857403547,Herpetofauna,Asian,Wet,Pseudophilautus_hankeni
Pseudophilautus,0.0415824516339704,0.0243166742987232,0.0172657773352472,Herpetofauna,Asian,Wet,Pseudophilautus_schmarda
Pseudophilautus,0.0549371689442207,0.0321262742242741,0.0228108947199466,Herpetofauna,Asian,Wet,Pseudophilautus_dilmah
Pseudophilautus,0.102046779001609,0.0596751319537093,0.0423716470478999,Herpetofauna,Asian,Wet,Pseudophilautus_karunarathnai
Pseudophilautus,0.0543104095657162,0.0317597565450155,0.0225506530207007,Herpetofauna,Asian,Wet,Pseudophilautus_pleurotaenia
Pseudophilautus,0.0560192300656091,0.0327590442228236,0.0232601858427855,Herpetofauna,Asian,Wet,Pseudophilautus_hoipolloi
Pseudophilautus,0.0578796696241108,0.0338469960154396,0.0240326736086712,Herpetofauna,Asian,Wet,Pseudophilautus_hoffmanni
Pseudophilautus,0.0602616489473192,0.035239934938296,0.0250217140090232,Herpetofauna,Asian,Wet,Pseudophilautus_asankai
Pseudophilautus,0.0580471718363788,0.0339449483145462,0.0241022235218326,Herpetofauna,Asian,Wet,Pseudophilautus_auratus
Pseudophilautus,0.0595530806220633,0.0348255768495689,0.0247275037724944,Herpetofauna,Asian,Wet,Pseudophilautus_samarakoon
Pseudophilautus,0.069569976818907,0.0406832786620272,0.0288866981568798,Herpetofauna,Asian,Wet,Pseudophilautus_ocularis
Pseudophilautus,0.0708610485992547,0.0414382743572146,0.0294227742420401,Herpetofauna,Asian,Wet,Pseudophilautus_bambaradeniyai
Pseudophilautus,0.0636597556513268,0.0372270869869779,0.0264326686643489,Herpetofauna,Asian,Wet,Pseudophilautus_caeruleus
Pseudophilautus,0.0577998459815755,0.033800316576383,0.0239995294051924,Herpetofauna,Asian,Wet,Pseudophilautus_hypomelas
Pseudophilautus,0.0915043988786938,0.0535101365359586,0.0379942623427352,Herpetofauna,Asian,Wet,Pseudophilautus_tanu
Pseudophilautus,0.063744852167556,0.0372768499083015,0.0264680022592545,Herpetofauna,Asian,Wet,Pseudophilautus_decoris
Pseudophilautus,0.0801504913658123,0.0468705744091547,0.0332799169566577,Herpetofauna,Asian,Wet,Pseudophilautus_mittermeieri
Pseudophilautus,0.0863730523335402,0.0505094168152761,0.0358636355182641,Herpetofauna,Asian,Wet,Pseudophilautus_singu
Pseudophilautus,0.0739319470157031,0.043234080849207,0.0306978661664962,Herpetofauna,Asian,Wet,Pseudophilautus_stictomerus
Pseudophilautus,0.0567926703305203,0.0332113382620716,0.0235813320684487,Herpetofauna,Asian,Wet,Pseudophilautus_rus
Pseudophilautus,0.0425086459249848,0.0248582961614787,0.017650349763506,Herpetofauna,Asian,Wet,Pseudophilautus_limbus
Pseudophilautus,0.0430405808587876,0.0251693622007603,0.0178712186580273,Herpetofauna,Asian,Wet,Pseudophilautus_silvaticus
Pseudophilautus,0.0503543349330437,0.0294463148270782,0.0209080201059655,Herpetofauna,Asian,Wet,Pseudophilautus_schneideri
Pseudophilautus,0.0514378917739921,0.0300799594956857,0.0213579322783064,Herpetofauna,Asian,Wet,Pseudophilautus_sirilwijesundarai
Pseudophilautus,0.0821447023804069,0.0480367533577092,0.0341079490226977,Herpetofauna,Asian,Wet,Pseudophilautus_cuspis
Pseudophilautus,0.0571153943789701,0.0334000615158998,0.0237153328630702,Herpetofauna,Asian,Wet,Pseudophilautus_zorro
Pseudophilautus,0.0594190959585117,0.0347472250137203,0.0246718709447914,Herpetofauna,Asian,Wet,Pseudophilautus_dayawansai
Pseudophilautus,0.0618022483959456,0.0361408499528027,0.025661398443143,Herpetofauna,Asian,Wet,Pseudophilautus_regius
Pseudophilautus,0.0610817269751634,0.0357195019075109,0.0253622250676525,Herpetofauna,Asian,Wet,Pseudophilautus_jagathgunawardanai
Pseudophilautus,0.070015753110495,0.0409439606676976,0.0290717924427974,Herpetofauna,Asian,Wet,Pseudophilautus_kani
Pseudophilautus,0.0585640661590047,0.0342472188733096,0.0243168472856951,Herpetofauna,Asian,Wet,Pseudophilautus_amboli
Pseudophilautus,0.0578277123198719,0.0338166123128206,0.0240111000070514,Herpetofauna,Asian,Wet,Pseudophilautus_wynaadensis
Pseudophilautus,0.0699027354540249,0.0408778699627392,0.0290248654912857,Herpetofauna,Asian,Wet,Pseudophilautus_cf_folicola2
Pseudophilautus,0.0563472393685679,0.0329508581989982,0.0233963811695697,Herpetofauna,Asian,Wet,Pseudophilautus_cf_folicola1
Pseudophilautus,0.0644306020637386,0.0376778641876575,0.0267527378760811,Herpetofauna,Asian,Wet,Pseudophilautus_folicola
Pseudophilautus,0.0858603201713765,0.0502095802135393,0.0356507399578372,Herpetofauna,Asian,Wet,Pseudophilautus_semiruber
Pseudophilautus,0.0654463147793933,0.03827183482472,0.0271744799546734,Herpetofauna,Asian,Wet,Pseudophilautus_nemus
Pseudophilautus,0.0673886813090438,0.0394076960453621,0.0279809852636818,Herpetofauna,Asian,Wet,Pseudophilautus_simba
Raorchestes,0.0700353710260721,0.016095611886054,0.0539397591400181,Herpetofauna,Asian,Wet,Raorchestes_keirasabinae_CESF1268
Raorchestes,0.0753562395902945,0.0173184601990093,0.0580377793912852,Herpetofauna,Asian,Wet,Raorchestes_nerostagona_CESF1061
Raorchestes,0.06531862413311,0.0150116035308244,0.0503070206022856,Herpetofauna,Asian,Wet,Raorchestes_crustai_CESF1199
Raorchestes,0.0585471355210791,0.0134553720010519,0.0450917635200271,Herpetofauna,Asian,Wet,Raorchestes_graminirupes_CESF044
Raorchestes,0.0516274281255592,0.0118650766549777,0.0397623514705815,Herpetofauna,Asian,Wet,Raorchestes_johnceei_CESF1236
Raorchestes,0.0494159958920122,0.0113568426808872,0.038059153211125,Herpetofauna,Asian,Wet,Raorchestes_sp_CESF014
Raorchestes,0.0601876960551519,0.0138324075652982,0.0463552884898537,Herpetofauna,Asian,Wet,Raorchestes_akroparallagi_CESF061
Raorchestes,0.0603028030945134,0.0138588616013627,0.0464439414931506,Herpetofauna,Asian,Wet,Raorchestes_aff_akroparalagi_CESF1180
Raorchestes,0.0523439786449228,0.0120297551436821,0.0403142235012407,Herpetofauna,Asian,Wet,Raorchestes_bobingeri_CESF1238
Raorchestes,0.0558071195288064,0.012825658281726,0.0429814612470804,Herpetofauna,Asian,Wet,Raorchestes_aff_bobingeri_CESF1326
Raorchestes,0.0589587929985991,0.0135499796099084,0.0454088133886907,Herpetofauna,Asian,Wet,Raorchestes_glandulosus_CESF1080
Raorchestes,0.0575630807961025,0.0132292153791078,0.0443338654169947,Herpetofauna,Asian,Wet,Raorchestes_jayarami_CESF1260
Raorchestes,0.0769603503441549,0.0176871188316132,0.0592732315125416,Herpetofauna,Asian,Wet,Raorchestes_chotta_CESF1003
Raorchestes,0.0658948504467008,0.0151440325444243,0.0507508179022765,Herpetofauna,Asian,Wet,Raorchestes_blandus_CESF104
Raorchestes,0.0641020128946902,0.0147320004956305,0.0493700123990597,Herpetofauna,Asian,Wet,Raorchestes_archeos_CESF1190
Raorchestes,0.0584039470532537,0.0134224642578515,0.0449814827954022,Herpetofauna,Asian,Wet,Raorchestes_manohari_CESF1187
Raorchestes,0.0603607671928659,0.0138721829790714,0.0464885842137945,Herpetofauna,Asian,Wet,Raorchestes_uthamani_CESF483
Raorchestes,0.0506339314809384,0.0116367500798824,0.0389971814010561,Herpetofauna,Asian,Wet,Raorchestes_chalazodes_CESF1198
Raorchestes,0.0572967428643987,0.0131680052803187,0.04412873758408,Herpetofauna,Asian,Wet,Raorchestes_flaviocularis_CESF1251
Raorchestes,0.0627170761756789,0.0144137126992019,0.048303363476477,Herpetofauna,Asian,Wet,Raorchestes_ochlandrae_CESF1111
Raorchestes,0.0637117904614342,0.0146423191140243,0.0490694713474098,Herpetofauna,Asian,Wet,Raorchestes_aff_dubois_CESF1243
Raorchestes,0.0638667554118392,0.0146779333423938,0.0491888220694454,Herpetofauna,Asian,Wet,Raorchestes_dubois_CESF114
Raorchestes,0.068376509564638,0.0157143703810146,0.0526621391836234,Herpetofauna,Asian,Wet,Raorchestes_resplendens_CESF1258
Raorchestes,0.0437535773567032,0.0100554989492062,0.033698078407497,Herpetofauna,Asian,Wet,Raorchestes_beddomii_CESF072
Raorchestes,0.0459451867044185,0.010559177204206,0.0353860095002125,Herpetofauna,Asian,Wet,Raorchestes_theuerkaufi_CESF1342
Raorchestes,0.0488739420281209,0.0112322672201349,0.037641674807986,Herpetofauna,Asian,Wet,Raorchestes_aff_munnarensis_CESF285
Raorchestes,0.0519352844226765,0.0119358285536609,0.0399994558690156,Herpetofauna,Asian,Wet,Raorchestes_munnarensis_CESF094
Raorchestes,0.0665756345000693,0.0153004911415688,0.0512751433585004,Herpetofauna,Asian,Wet,Raorchestes_anili_CESF386
Raorchestes,0.0584499768672789,0.0134330428842067,0.0450169339830721,Herpetofauna,Asian,Wet,Raorchestes_sushili_CESF1259
Raorchestes,0.0493964970231821,0.0113523614277674,0.0380441355954147,Herpetofauna,Asian,Wet,Raorchestes_kaikatti_CESF444
Raorchestes,0.0409658222220216,0.0094148137636521,0.0315510084583695,Herpetofauna,Asian,Wet,Raorchestes_kakachi_CESF1375
Raorchestes,0.0425665886596557,0.00978270380154152,0.0327838848581142,Herpetofauna,Asian,Wet,Raorchestes_sp_CESF261
Raorchestes,0.0670760080724193,0.0154154875883726,0.0516605204840467,Herpetofauna,Asian,Wet,Raorchestes_aff_chlorosomma_CESF1247
Raorchestes,0.0463646629042953,0.0106555817210913,0.035709081183204,Herpetofauna,Asian,Wet,Raorchestes_leuteolus_CESF1012
Raorchestes,0.0529552717282276,0.0121702432438143,0.0407850284844133,Herpetofauna,Asian,Wet,Raorchestes_travancoricus_CESF473
Raorchestes,0.0562864351899648,0.0129358151744487,0.0433506200155161,Herpetofauna,Asian,Wet,Raorchestes_UI_CESF243
Raorchestes,0.0447979544605297,0.010295518931675,0.0345024355288547,Herpetofauna,Asian,Wet,Raorchestes_agasthyaensis_CESF492
Raorchestes,0.0442894636098459,0.0101786569623543,0.0341108066474917,Herpetofauna,Asian,Wet,Raorchestes_kadalarensis_CESF1766
Raorchestes,0.0947347330272681,0.021772048503437,0.0729626845238311,Herpetofauna,Asian,Wet,Raorchestes_echinatus_CESF1414
Raorchestes,0.0753684439065614,0.0173212650094228,0.0580471788971387,Herpetofauna,Asian,Wet,Raorchestes_indigo_CESF123
Raorchestes,0.0578697893847002,0.0132997035100602,0.0445700858746399,Herpetofauna,Asian,Wet,Raorchestes_flaviventris_CESF1353
Raorchestes,0.0514869411277823,0.0118327897668221,0.0396541513609602,Herpetofauna,Asian,Wet,Raorchestes_hassanensis_CESF1178
Raorchestes,0.055396418549395,0.0127312704963972,0.0426651480529977,Herpetofauna,Asian,Wet,Raorchestes_ponmudi_CESF063
Raorchestes,0.0724963271744959,0.0166611917416798,0.0558351354328161,Herpetofauna,Asian,Wet,Raorchestes_ghatei_CESF1262
Raorchestes,0.054755916651856,0.0125840695919966,0.0421718470598594,Herpetofauna,Asian,Wet,Raorchestes_aff_tuberohumerus_CESF1210
Raorchestes,0.0561554713579698,0.0129057169115278,0.043249754446442,Herpetofauna,Asian,Wet,Raorchestes_tuberohumerus_CESF148
Raorchestes,0.047560895550964,0.0109305013242021,0.0366303942267619,Herpetofauna,Asian,Wet,Raorchestes_kakkayamensis
Raorchestes,0.043954533409521,0.0101016829071823,0.0338528505023387,Herpetofauna,Asian,Wet,Raorchestes_leucolatus_CESF1147
Raorchestes,0.0566211773586139,0.0130127460159583,0.0436084313426556,Herpetofauna,Asian,Wet,Raorchestes_bombayensis_CESF1010
Raorchestes,0.0659407332607799,0.0151545773870779,0.050786155873702,Herpetofauna,Asian,Wet,Raorchestes_coonorensis_CESF439
Raorchestes,0.0607215318344023,0.0139550943361087,0.0467664374982936,Herpetofauna,Asian,Wet,Raorchestes_drutaahu_CESF469
Raorchestes,0.0549259837273233,0.0126231546086277,0.0423028291186956,Herpetofauna,Asian,Wet,Raorchestes_sp_CESF1160
Raorchestes,0.0664447257861512,0.0152704055459497,0.0511743202402015,Herpetofauna,Asian,Wet,Raorchestes_griet_CESF073
Raorchestes,0.0632123373259394,0.0145275342031083,0.048684803122831,Herpetofauna,Asian,Wet,Raorchestes_honnametti
Raorchestes,0.0497073614733321,0.011423804663742,0.03828355680959,Herpetofauna,Asian,Wet,Raorchestes_charius_CESF132
Raorchestes,0.0506634085524782,0.0116435245353624,0.0390198840171158,Herpetofauna,Asian,Wet,Raorchestes_kollimalai_CESF069
Raorchestes,0.0679784890054065,0.0156228968248643,0.0523555921805423,Herpetofauna,Asian,Wet,Raorchestes_marki_CESF467
Raorchestes,0.057812016355645,0.0132864260441237,0.0445255903115214,Herpetofauna,Asian,Wet,Raorchestes_aureus_CESF1166
Raorchestes,0.0631004737629439,0.0145018255866223,0.0485986481763216,Herpetofauna,Asian,Wet,Raorchestes_lechiya
Raorchestes,0.0621484435148261,0.0142830288678645,0.0478654146469616,Herpetofauna,Asian,Wet,Raorchestes_sp_CESF403
Raorchestes,0.0486648176931284,0.0111842060178788,0.0374806116752496,Herpetofauna,Asian,Wet,Raorchestes_aff_signatus_CESF1075
Raorchestes,0.0564927040935465,0.0129832201380774,0.0435094839554691,Herpetofauna,Asian,Wet,Raorchestes_signatus_CESF425
Raorchestes,0.0458706657655386,0.0105420507138052,0.0353286150517335,Herpetofauna,Asian,Wet,Raorchestes_montanus_CESF129
Raorchestes,0.0476016057638332,0.0109398573935217,0.0366617483703115,Herpetofauna,Asian,Wet,Raorchestes_tinniens_CESF438
Raorchestes,0.052880726792378,0.0121531112384015,0.0407276155539766,Herpetofauna,Asian,Wet,Raorchestes_aff_primarrumfi_CESF427
Raorchestes,0.0523977559089053,0.012042114298159,0.0403556416107463,Herpetofauna,Asian,Wet,Raorchestes_primarrumfi_CESF441
Raorchestes,0.0553119408479486,0.0127118557310353,0.0426000851169133,Herpetofauna,Asian,Wet,Raorchestes_vellikkannan
Raorchestes,0.0626865006441931,0.0144066857943566,0.0482798148498365,Herpetofauna,Asian,Wet,Raorchestes_sanjappai
Raorchestes,0.063777970731006,0.01465752874193,0.049120441989076,Herpetofauna,Asian,Wet,Raorchestes_silentvalley
Raorchestes,0.0611674129668,0.0140575672658476,0.0471098457009525,Herpetofauna,Asian,Wet,Raorchestes_chromasynchysi_CESF1127
Raorchestes,0.0481056992141132,0.0110557087470754,0.0370499904670377,Herpetofauna,Asian,Wet,Raorchestes_ravi_CESF1672
Raorchestes,0.0431128450571901,0.00990824509355115,0.0332045999636389,Herpetofauna,Asian,Wet,Raorchestes_aff_chromasynchysi_CESF1154
Raorchestes,0.0426975163951069,0.00981279376871192,0.032884722626395,Herpetofauna,Asian,Wet,Raorchestes_aff_chromasynchysi1_CESF399
Raorchestes,0.0372823875072145,0.00856828243657336,0.0287141050706411,Herpetofauna,Asian,Wet,Raorchestes_aff_chromasynchysi2_CESF126
Ranixalidae,0.0532224168174604,0.00454862776058817,0.0486737890568722,Herpetofauna,Gondwanan,Wet,Ranixalidae_SallywalkeranadiplostictaCESF2045
Ranixalidae,0.0564682460592871,0.0048260309654471,0.05164221509384,Herpetofauna,Gondwanan,Wet,Ranixalidae_Sallywalkeranasp2CESF1554
Ranixalidae,0.0473974779235851,0.00405080221374605,0.043346675709839,Herpetofauna,Gondwanan,Wet,Ranixalidae_Sallywalkeranasp1CESF1606
Ranixalidae,0.0526621551729457,0.00450074527381248,0.0481614098991332,Herpetofauna,Gondwanan,Wet,Ranixalidae_SallywalkeranaphrynodermaSDBDU20021181
Ranixalidae,0.0518169409028722,0.00442850945059371,0.0473884314522785,Herpetofauna,Gondwanan,Wet,Ranixalidae_SallywalkeranaleptodactylaSDBDU20021026
Ranixalidae,0.0667621161599181,0.00570579152694528,0.0610563246329729,Herpetofauna,Gondwanan,Wet,Ranixalidae_IndiranasemipalmataCESF2768
Ranixalidae,0.065684432964268,0.00561368786097185,0.0600707451032961,Herpetofauna,Gondwanan,Wet,Ranixalidae_IndiranasemipalmataSDBDU20064819
Ranixalidae,0.0643509103151984,0.00549971900153928,0.0588511913136591,Herpetofauna,Gondwanan,Wet,Ranixalidae_IndiranaparamakriZSIWGRCVA889
Ranixalidae,0.0648802295211717,0.00554495700797481,0.0593352725131969,Herpetofauna,Gondwanan,Wet,Ranixalidae_IndiranasalelkariSDBDU200340180
Ranixalidae,0.0672261652387702,0.00574545125396559,0.0614807139848046,Herpetofauna,Gondwanan,Wet,Ranixalidae_IndiranachiravasiWILD15AMP535
Ranixalidae,0.0678497979791033,0.00579874972037722,0.0620510482587261,Herpetofauna,Gondwanan,Wet,Ranixalidae_IndiranaduboisiWILD15AMP631
Ranixalidae,0.0696682310482953,0.00595416121113433,0.0637140698371609,Herpetofauna,Gondwanan,Wet,Ranixalidae_IndiranagundiaWILD500
Ranixalidae,0.0712234884796839,0.00608708052503055,0.0651364079546533,Herpetofauna,Gondwanan,Wet,Ranixalidae_IndiranabeddomiiWILD14AMP411
Ranixalidae,0.0697788152564432,0.0059636122362689,0.0638152030201743,Herpetofauna,Gondwanan,Wet,Ranixalidae_IndiranasarojammaBNHS5981
Ranixalidae,0.0718864262940853,0.0061437381803278,0.0657426881137576,Herpetofauna,Gondwanan,Wet,Ranixalidae_IndiranayaderaCESF459
Ranixalidae,0.0572672985368598,0.00489432159370098,0.0523729769431589,Herpetofauna,Gondwanan,Wet,Ranixalidae_IndiranaleithiiWILD15AMP525
Ranixalidae,0.060672760322966,0.00518536771569563,0.0554873926072704,Herpetofauna,Gondwanan,Wet,Ranixalidae_IndiranabrachytarsusSDBDU20051231
Ranixalidae,0.0607479628398243,0.00519179486193029,0.055556167977894,Herpetofauna,Gondwanan,Wet,Ranixalidae_IndiranaaffbrachytarsusCESF2151
Ranixalidae,0.0606906059071039,0.00518689287979504,0.0555037130273089,Herpetofauna,Gondwanan,Wet,Ranixalidae_IndiranatysoniWILD16AMP650
Ranixalidae,0.0639103419887707,0.00546206604551329,0.0584482759432574,Herpetofauna,Gondwanan,Wet,Ranixalidae_IndiranabhadraiZSIWGRCVA887
Ranixalidae,0.0626819508685609,0.00535708220065314,0.0573248686679078,Herpetofauna,Gondwanan,Wet,Ranixalidae_IndiranaleithiiNair212
Microhyla2,0.0533072836714219,0.00274739251528166,0.0505598911561403,Herpetofauna,Asian,Wet + Dry,Microhyla2_MN160599MeosZSIA14399
Microhyla2,0.0435809226449556,0.00224610770681624,0.0413348149381394,Herpetofauna,Asian,Wet + Dry,Microhyla2_KAR-1Mkarunaratnei
Microhyla2,0.043071086478227,0.00221983137135101,0.040851255106876,Herpetofauna,Asian,Wet + Dry,Microhyla2_MH807390Mdarreli
Microhyla2,0.0400903708913926,0.00206620891810561,0.038024161973287,Herpetofauna,Asian,Wet + Dry,Microhyla2_KT600663MlateriteGL3302
Microhyla2,0.0363429865999875,0.00187307329300885,0.0344699133069787,Herpetofauna,Asian,Wet + Dry,Microhyla2_VAG013Mzeylanica
Microhyla2,0.050283736031847,0.0025915625501728,0.0476921734816742,Herpetofauna,Asian,Wet + Dry,Microhyla2_KT600669Msholigari
Microhyla1,0.0485892311477216,0.00250422983098099,0.0460850013167406,Herpetofauna,Asian,Wet + Dry,Microhyla1_MF496241Mtaraiensis
Microhyla1,0.0515755442533065,0.00265814077352954,0.0489174034797769,Herpetofauna,Asian,Wet + Dry,Microhyla1_AB201176MnilphamariensisIABHU
Microhyla1,0.0558144032802793,0.00287660640827886,0.0529377968720004,Herpetofauna,Asian,Wet + Dry,Microhyla1_AB201188Mornata
Microhyla1,0.0609175018736052,0.00313961389833343,0.0577778879752718,Herpetofauna,Asian,Wet + Dry,Microhyla1_EAG019Mrubra
Microhyla1,0.057492989019414,0.00296311867411449,0.0545298703452996,Herpetofauna,Asian,Wet + Dry,Microhyla1_VAG015Mmihintalei
Uperodon,0.0171413970513167,0.00316564276177478,0.0139757542895419,Herpetofauna,Asian,Wet + Dry,Uperodon_t1
Uperodon,0.0184286753881671,0.00340337503862715,0.01502530034954,Herpetofauna,Asian,Wet + Dry,Uperodon_t5
Uperodon,0.016519314997756,0.00305075775303315,0.0134685572447229,Herpetofauna,Asian,Wet + Dry,Uperodon_t6
Uperodon,0.0208221548500883,0.0038453985744804,0.0169767562756079,Herpetofauna,Asian,Wet + Dry,Uperodon_t3
Uperodon,0.020151908004593,0.00372161857751208,0.0164302894270809,Herpetofauna,Asian,Wet + Dry,Uperodon_t2
Uperodon,0.0184795067532905,0.00341276248485409,0.0150667442684364,Herpetofauna,Asian,Wet + Dry,Uperodon_t4
Hemidactylus,0.0610959254617498,0.0055483389290049,0.0555475865327449,Herpetofauna,Asian,Wet + Dry,Hemidactylus_H_depressus_AMB7524
Hemidactylus,0.0604843859257785,0.00549280284229516,0.0549915830834833,Herpetofauna,Asian,Wet + Dry,Hemidactylus_H_scabriceps_CES12008
Hemidactylus,0.04392388998848,0.00398888513259346,0.0399350048558866,Herpetofauna,Asian,Wet + Dry,Hemidactylus_H_paaragowli_CESL273
Hemidactylus,0.0421394346979889,0.00382683238225909,0.0383126023157298,Herpetofauna,Asian,Wet + Dry,Hemidactylus_H_acanthopholis_CES17066
Hemidactylus,0.0529093937639121,0.00480489078300566,0.0481045029809064,Herpetofauna,Asian,Wet + Dry,Hemidactylus_H_meghamalai_CES17065
Hemidactylus,0.0511694182402204,0.00464687739895997,0.0465225408412604,Herpetofauna,Asian,Wet + Dry,Hemidactylus_H_kolliensis_G121
Hemidactylus,0.0467410548810449,0.00424472192571364,0.0424963329553312,Herpetofauna,Asian,Wet + Dry,Hemidactylus_H_graniticolus_CES15265
Hemidactylus,0.0549450059290965,0.0049897519850431,0.0499552539440534,Herpetofauna,Asian,Wet + Dry,Hemidactylus_H_siva_OUH782017
Hemidactylus,0.0406707423332413,0.00369345518958258,0.0369772871436587,Herpetofauna,Asian,Wet + Dry,Hemidactylus_H_triedrus_CES14070
Hemidactylus,0.0368689830076958,0.00334820386381557,0.0335207791438802,Herpetofauna,Asian,Wet + Dry,Hemidactylus_H_triedrus_CES13191
Hemidactylus,0.0400096664368966,0.00363342052928412,0.0363762459076125,Herpetofauna,Asian,Wet + Dry,Hemidactylus_H_lankae_AMB7453
Hemidactylus,0.0521522827746758,0.00473613483335093,0.0474161479413249,Herpetofauna,Asian,Wet + Dry,Hemidactylus_H_maculatus_CES13132
Hemidactylus,0.0467333138919153,0.00424401893887758,0.0424892949530377,Herpetofauna,Asian,Wet + Dry,Hemidactylus_H_kangerensis_BNHS2486
Hemidactylus,0.0487445705197185,0.00442666832768577,0.0443179021920327,Herpetofauna,Asian,Wet + Dry,Hemidactylus_H_ishan_CES11079
Hemidactylus,0.0517597242787454,0.00470048519602372,0.0470592390827217,Herpetofauna,Asian,Wet + Dry,Hemidactylus_H_nalgonda_CES16177
Hemidactylus,0.0508494002222354,0.00461781542119714,0.0462315848010383,Herpetofauna,Asian,Wet + Dry,Hemidactylus_H_mahabubi_CES17032
Hemidactylus,0.0699318080174353,0.00635075694273182,0.0635810510747035,Herpetofauna,Asian,Wet + Dry,Hemidactylus_H_hunae_AMB7416
Hemidactylus,0.0788731107319825,0.00716274853713361,0.0717103621948489,Herpetofauna,Asian,Wet + Dry,Hemidactylus_H_prashadi_JB02
Hemidactylus,0.0762678690305467,0.00692615724495992,0.0693417117855868,Herpetofauna,Asian,Wet + Dry,Hemidactylus_H_adoni_CES16102
Hemidactylus,0.0881744794768088,0.00800743901215161,0.0801670404646572,Herpetofauna,Asian,Wet + Dry,Hemidactylus_H_aaronbaueri_CES14023
Hemidactylus,0.0740705132689777,0.00672660752997246,0.0673439057390052,Herpetofauna,Asian,Wet + Dry,Hemidactylus_H_aaronbaueri_CES08016
Hemidactylus,0.0587375958375722,0.00533417060333739,0.0534034252342348,Herpetofauna,Asian,Wet + Dry,Hemidactylus_H_frenatus_CAS229633
Hemidactylus,0.0559313970273938,0.00507932967927629,0.0508520673481175,Herpetofauna,Asian,Wet + Dry,Hemidactylus_H_frenatus_AMB7420
Hemidactylus,0.0614216904965458,0.00557792281386476,0.055843767682681,Herpetofauna,Asian,Wet + Dry,Hemidactylus_H_frenatus_CES15211
Hemidactylus,0.0689638961343099,0.00626285741194636,0.0627010387223636,Herpetofauna,Asian,Wet + Dry,Hemidactylus_H_frenatus_CES12020
Hemidactylus,0.0833000118192266,0.00756477121624971,0.0757352406029768,Herpetofauna,Asian,Wet + Dry,Hemidactylus_H_frenatus_CES07035
Hemidactylus,0.0617380488294286,0.00560665244256885,0.0561313963868597,Herpetofauna,Asian,Wet + Dry,Hemidactylus_H_flavicaudatus_CES16127
Hemidactylus,0.0514859003466197,0.00467561826797861,0.0468102820786411,Herpetofauna,Asian,Wet + Dry,Hemidactylus_H_kurnool_CES16114
Hemidactylus,0.0487988334267959,0.00443159613584095,0.0443672372909549,Herpetofauna,Asian,Wet + Dry,Hemidactylus_H_cf_gleadowi_CES11014
Hemidactylus,0.0497434907646218,0.0045173838384155,0.0452261069262063,Herpetofauna,Asian,Wet + Dry,Hemidactylus_H_reticulatus_CES13062
Hemidactylus,0.0466171884488845,0.00423347317316004,0.0423837152757245,Herpetofauna,Asian,Wet + Dry,Hemidactylus_H_vijayrahvani_CES11016
Hemidactylus,0.0418948564850445,0.00380462136229647,0.0380902351227481,Herpetofauna,Asian,Wet + Dry,Hemidactylus_H_satarensis_CES14220
Hemidactylus,0.0371934580300642,0.00337767059804523,0.033815787432019,Herpetofauna,Asian,Wet + Dry,Hemidactylus_H_imbricatus_JFBM2
Hemidactylus,0.0396582964172767,0.00360151136441579,0.0360567850528609,Herpetofauna,Asian,Wet + Dry,Hemidactylus_H_albofasciatus_CES07038
Hemidactylus,0.0580331315886858,0.00527019569197222,0.0527629358967136,Herpetofauna,Asian,Wet + Dry,Hemidactylus_H_gracilis_CES13006
Hemidactylus,0.054810491000436,0.00497753620453762,0.0498329547958983,Herpetofauna,Asian,Wet + Dry,Hemidactylus_H_parvimaculatus_CES14174
Hemidactylus,0.0522467714021463,0.00474471568266585,0.0475020557194804,Herpetofauna,Asian,Wet + Dry,Hemidactylus_H_cf_kushmorensis_CES11065
Hemidactylus,0.059837998157862,0.00543410206333391,0.0544038960945281,Herpetofauna,Asian,Wet + Dry,Hemidactylus_H_chipkali_NCBSAT110
Hemidactylus,0.060907542580581,0.00553123120757753,0.0553763113730034,Herpetofauna,Asian,Wet + Dry,Hemidactylus_H_murrayi_CES17064
Hemidactylus,0.0490823519399924,0.00445734346337503,0.0446250084766173,Herpetofauna,Asian,Wet + Dry,Hemidactylus_H_murrayi_CAS229632
Hemidactylus,0.0678765809670129,0.00616411444299685,0.0617124665240161,Herpetofauna,Asian,Wet + Dry,Hemidactylus_H_treutleri_CES14116
Hemidactylus,0.0494758788991181,0.00449308105029967,0.0449827978488185,Herpetofauna,Asian,Wet + Dry,Hemidactylus_H_Sankariensis_NCBSBH682
Hemidactylus,0.0486254440163421,0.00441585002497304,0.044209593991369,Herpetofauna,Asian,Wet + Dry,Hemidactylus_H_chikhaldaraensis_IAG062
Hemidactylus,0.0579074501380958,0.00525878211112059,0.0526486680269752,Herpetofauna,Asian,Wet + Dry,Hemidactylus_H_hemachandrai_CES16279
Hemidactylus,0.0501059220240494,0.00455029751392778,0.0455556245101216,Herpetofauna,Asian,Wet + Dry,Hemidactylus_H_yajurvedi_CES12006
Hemidactylus,0.0493081380458452,0.00447784790505857,0.0448302901407867,Herpetofauna,Asian,Wet + Dry,Hemidactylus_H_flaviviridis_CAS228540
Hemidactylus,0.0512813550824214,0.00465704278289483,0.0466243122995266,Herpetofauna,Asian,Wet + Dry,Hemidactylus_H_leschanautii_CES14072
Hemidactylus,0.0688188813985839,0.00624968810650697,0.0625691932920769,Herpetofauna,Asian,Wet + Dry,Hemidactylus_H_giganteus_CES11044
Dravidogecko,0.0492621830171422,0.0101631548400731,0.0390990281770691,Herpetofauna,Asian,Wet,Dravidogecko_Kodaikanal-1
Dravidogecko,0.0507333598184645,0.0104666695589348,0.0402666902595297,Herpetofauna,Asian,Wet,Dravidogecko_Munnar-1
Dravidogecko,0.049674862381467,0.0102482936630416,0.0394265687184255,Herpetofauna,Asian,Wet,Dravidogecko_Valparai-1
Dravidogecko,0.0424808888199282,0.00876412339807647,0.0337167654218517,Herpetofauna,Asian,Wet,Dravidogecko_Wayanad-1
Dravidogecko,0.0414929368266306,0.00856030155203793,0.0329326352745927,Herpetofauna,Asian,Wet,Dravidogecko_Ponmudi-1
Dravidogecko,0.0451853351589335,0.00932207079741148,0.035863264361522,Herpetofauna,Asian,Wet,Dravidogecko_KMTR-1
Dravidogecko,0.0554857801781053,0.011447129234531,0.0440386509435743,Herpetofauna,Asian,Wet,Dravidogecko_Meghamalai-1
Hemiphyllodactylus,0.0787149350013813,0.0101349240467908,0.0685800109545905,Herpetofauna,Asian,Wet + Dry,Hemiphyllodactylus_CESL482HemiphyllodactylusKMTR
Hemiphyllodactylus,0.0888134830181461,0.0114351603632025,0.0773783226549437,Herpetofauna,Asian,Wet + Dry,Hemiphyllodactylus_HpCMB
Hemiphyllodactylus,0.111023645944199,0.0142948249785445,0.0967288209656547,Herpetofauna,Asian,Wet + Dry,Hemiphyllodactylus_AQ191HpaurNCBS
Hemiphyllodactylus,0.0955619968099443,0.0123040637639027,0.0832579330460416,Herpetofauna,Asian,Wet + Dry,Hemiphyllodactylus_HPCHLIAG007
Hemiphyllodactylus,0.0988134853279735,0.0127227084489127,0.0860907768790608,Herpetofauna,Asian,Wet + Dry,Hemiphyllodactylus_G509HemiphyllodactylusTirupati
Hemiphyllodactylus,0.0881187785924912,0.0113457138485244,0.0767730647439668,Herpetofauna,Asian,Wet + Dry,Hemiphyllodactylus_HpkolliIAG003
Hemiphyllodactylus,0.077021609075349,0.00991690024169589,0.0671047088336531,Herpetofauna,Asian,Wet + Dry,Hemiphyllodactylus_Hpaurant
Hemiphyllodactylus,0.0949592454663553,0.0122264566479688,0.0827327888183865,Herpetofauna,Asian,Wet + Dry,Hemiphyllodactylus_HpMGIAG011
Hemiphyllodactylus,0.0799341308241443,0.0102919013353022,0.0696422294888421,Herpetofauna,Asian,Wet + Dry,Hemiphyllodactylus_HpDEVIAG009
Hemiphyllodactylus,0.0863345695623426,0.0111159884094596,0.0752185811528831,Herpetofauna,Asian,Wet + Dry,Hemiphyllodactylus_HPDbariIAG018
Hemiphyllodactylus,0.0751276148543817,0.00967303943466826,0.0654545754197135,Herpetofauna,Asian,Wet + Dry,Hemiphyllodactylus_HParkIAG012
Hemiphyllodactylus,0.0726601181012159,0.00935533743594845,0.0633047806652674,Herpetofauna,Asian,Wet + Dry,Hemiphyllodactylus_HPRVIAG008
Geckoella,0.062180188001959,0.00704414411234335,0.0551360438896157,Herpetofauna,Asian,Wet + Dry,Geckoella_col
Geckoella,0.0627785290340027,0.00711192776809413,0.0556666012659086,Herpetofauna,Asian,Wet + Dry,Geckoella_cfcol
Geckoella,0.0673218788434835,0.00762662564597385,0.0596952531975097,Herpetofauna,Asian,Wet + Dry,Geckoella_cfsp
Geckoella,0.0548582600633345,0.00621467226227046,0.048643587801064,Herpetofauna,Asian,Wet + Dry,Geckoella_jey
Geckoella,0.0591044552570819,0.0066957066855333,0.0524087485715486,Herpetofauna,Asian,Wet + Dry,Geckoella_neb
Geckoella,0.0607592886648721,0.00688317612525301,0.0538761125396191,Herpetofauna,Asian,Wet + Dry,Geckoella_neb1
Geckoella,0.0663826747379127,0.00752022697972445,0.0588624477581882,Herpetofauna,Asian,Wet + Dry,Geckoella_neb2
Geckoella,0.0579700171983806,0.00656719074775956,0.0514028264506211,Herpetofauna,Asian,Wet + Dry,Geckoella_neb3
Geckoella,0.0678371790698707,0.007685001941904,0.0601521771279667,Herpetofauna,Asian,Wet + Dry,Geckoella_albo
Geckoella,0.0605391302993167,0.00685823526700953,0.0536808950323071,Herpetofauna,Asian,Wet + Dry,Geckoella_calbo
Geckoella,0.0718165361339451,0.00813580734366522,0.0636807287902799,Herpetofauna,Asian,Wet + Dry,Geckoella_cdec2
Geckoella,0.0678928349674275,0.00769130697531881,0.0602015279921087,Herpetofauna,Asian,Wet + Dry,Geckoella_cdec1
Geckoella,0.0664860258941132,0.00753193521769939,0.0589540906764138,Herpetofauna,Asian,Wet + Dry,Geckoella_dec
Geckoella,0.0620717468464778,0.00703185924876437,0.0550398875977134,Herpetofauna,Asian,Wet + Dry,Geckoella_tri
Cnemaspis,0.0312237293181422,0.00137944698728181,0.0298442823308604,Herpetofauna,Gondwanan,Wet + Dry,Cnemaspis_Cnemaspis_galaxia_sp_nov_Nd2_CESL513
Cnemaspis,0.0284421966694996,0.00125656042260849,0.0271856362468911,Herpetofauna,Gondwanan,Wet + Dry,Cnemaspis_Cnemaspis_regalis_sp_nov_ND2_L488
Cnemaspis,0.0356014553598869,0.00157285248788359,0.0340286028720033,Herpetofauna,Gondwanan,Wet + Dry,Cnemaspis_Cnemaspis_nigriventris_sp_nov_ND2_L264
Cnemaspis,0.029751914465904,0.00131442302608006,0.0284374914398239,Herpetofauna,Gondwanan,Wet + Dry,Cnemaspis_L276_Cnemaspis_ornata
Cnemaspis,0.029599761749925,0.0013077010037513,0.0282920607461737,Herpetofauna,Gondwanan,Wet + Dry,Cnemaspis_Cnemaspis_smaug_sp_nov_ND2_CESL251
Cnemaspis,0.0307373872421438,0.00135796066498223,0.0293794265771615,Herpetofauna,Gondwanan,Wet + Dry,Cnemaspis_L709_Cnemaspis_cf_maculicollis
Cnemaspis,0.0345946113864752,0.00152837068138207,0.0330662407050932,Herpetofauna,Gondwanan,Wet + Dry,Cnemaspis_L379_Cnemaspis_beddomei
Cnemaspis,0.0402650182865535,0.00177888610301141,0.0384861321835421,Herpetofauna,Gondwanan,Wet + Dry,Cnemaspis_Cnemaspis_nimbus_sp_nov_CESL252
Cnemaspis,0.0347111740361592,0.0015335203543855,0.0331776536817737,Herpetofauna,Gondwanan,Wet + Dry,Cnemaspis_L232_Cnemaspis_anamudiensis
Cnemaspis,0.040042941785253,0.00176907488675522,0.0382738668984977,Herpetofauna,Gondwanan,Wet + Dry,Cnemaspis_Cnemaspis_wallaceii_ND2_CESL378
Cnemaspis,0.0415751180195081,0.00183676558022725,0.0397383524392809,Herpetofauna,Gondwanan,Wet + Dry,Cnemaspis_Cnemaspis_palanica_sp_nov_ND2_CESL340
Cnemaspis,0.0357376174730741,0.00157886805427876,0.0341587494187953,Herpetofauna,Gondwanan,Wet + Dry,Cnemaspis_L_C_cf_flavigularis_Munnar_Z
Cnemaspis,0.0431909657562298,0.00190815283412045,0.0412828129221093,Herpetofauna,Gondwanan,Wet + Dry,Cnemaspis_KY038013_1_Cnemaspis_sp__11_IA_2017
Cnemaspis,0.0462605240781451,0.00204376421277123,0.0442167598653739,Herpetofauna,Gondwanan,Wet + Dry,Cnemaspis_L_Cnemaspis_littoralis
Cnemaspis,0.0422801363625146,0.00186791289832399,0.0404122234641906,Herpetofauna,Gondwanan,Wet + Dry,Cnemaspis_KY037997_1_C_alwisi_AMB7447
Cnemaspis,0.0473601890346716,0.00209234679865787,0.0452678422360137,Herpetofauna,Gondwanan,Wet + Dry,Cnemaspis_MK562336_1_Cnemaspis_kohukumburai
Cnemaspis,0.0537195181600951,0.00237329842086213,0.051346219739233,Herpetofauna,Gondwanan,Wet + Dry,Cnemaspis_KY038007_1_Cnemaspis_punctata
Cnemaspis,0.041963781406397,0.00185393651239387,0.0401098448940032,Herpetofauna,Gondwanan,Wet + Dry,Cnemaspis_KY038009_1_C_nillgala_AMB7418
Cnemaspis,0.0417611979004311,0.00184498648582496,0.0399162114146061,Herpetofauna,Gondwanan,Wet + Dry,Cnemaspis_KY038011_1_Cnemaspis_sp__9_IA_2017
Cnemaspis,0.0403934921516328,0.00178456200688318,0.0386089301447496,Herpetofauna,Gondwanan,Wet + Dry,Cnemaspis_KY038012_1_C_hitihami_WHT5918
Cnemaspis,0.0547708684924549,0.00241974649353706,0.0523511219989178,Herpetofauna,Gondwanan,Wet + Dry,Cnemaspis_KY038005_1_Cnemaspis_podihuna
Cnemaspis,0.0415568861962224,0.00183596010841932,0.0397209260878031,Herpetofauna,Gondwanan,Wet + Dry,Cnemaspis_KY037998_1_C_gemunu_AMB7495
Cnemaspis,0.0473812601540986,0.00209327770898943,0.0452879824451092,Herpetofauna,Gondwanan,Wet + Dry,Cnemaspis_KY038001_1_Cnemaspis_phillipsi
Cnemaspis,0.1294310694409,0.00571819262784767,0.123712876813052,Herpetofauna,Gondwanan,Wet + Dry,Cnemaspis_KY037970_1_C_kallima_AA82
Cnemaspis,0.124363972524622,0.0054943311055995,0.118869641419023,Herpetofauna,Gondwanan,Wet + Dry,Cnemaspis_KY037971_1_C_kandiana_AA57
Cnemaspis,0.129046001904735,0.00570118055836518,0.12334482134637,Herpetofauna,Gondwanan,Wet + Dry,Cnemaspis_KY037980_1_Cnemaspis_pava
Cnemaspis,0.111145991678928,0.00491036806679149,0.106235623612137,Herpetofauna,Gondwanan,Wet + Dry,Cnemaspis_KY037986_1_Cnemaspis_upendrai
Cnemaspis,0.151057451887923,0.00667363417066866,0.144383817717255,Herpetofauna,Gondwanan,Wet + Dry,Cnemaspis_KY037989_1_Cnemaspis_sp__1_IA_2017
Cnemaspis,0.12254777867058,0.00541409267172276,0.117133685998857,Herpetofauna,Gondwanan,Wet + Dry,Cnemaspis_KY037974_1_Cnemaspis_kumarasinghei
Cnemaspis,0.143141774887767,0.00632392396536602,0.136817850922401,Herpetofauna,Gondwanan,Wet + Dry,Cnemaspis_MK562357_1_Cnemaspis_kumarasinghei
Cnemaspis,0.145475987149584,0.00642704816425433,0.139048938985329,Herpetofauna,Gondwanan,Wet + Dry,Cnemaspis_MK562362_1_Cnemaspis_nandimithrai
Cnemaspis,0.151419794374582,0.00668964226010898,0.144730152114473,Herpetofauna,Gondwanan,Wet + Dry,Cnemaspis_MK562364_1_Cnemaspis_gotaimbarai
Cnemaspis,0.135667038057057,0.00599369425139473,0.129673343805663,Herpetofauna,Gondwanan,Wet + Dry,Cnemaspis_KY037984_1_Cnemaspis_silvula
Cnemaspis,0.126638758602301,0.00559482988873944,0.121043928713561,Herpetofauna,Gondwanan,Wet + Dry,Cnemaspis_KY037990_1_Cnemaspis_sp__2_IA_2017
Cnemaspis,0.145277030582447,0.00641825837382475,0.138858772208622,Herpetofauna,Gondwanan,Wet + Dry,Cnemaspis_KY037976_1_C_latha_WHT7214
Cnemaspis,0.153693525951219,0.00679009445597966,0.146903431495239,Herpetofauna,Gondwanan,Wet + Dry,Cnemaspis_MK562348_1_Cnemaspis_kivulegedarai
Cnemaspis,0.119709628971893,0.00528870479728223,0.114420924174611,Herpetofauna,Gondwanan,Wet + Dry,Cnemaspis_KY037991_1_C_ingerorum_AMB7508
Cnemaspis,0.125486915292491,0.00554394209223865,0.119942973200253,Herpetofauna,Gondwanan,Wet + Dry,Cnemaspis_MK562351_1_Cnemaspis_butewai
Cnemaspis,0.126694336598282,0.00559728529367633,0.121097051304606,Herpetofauna,Gondwanan,Wet + Dry,Cnemaspis_KY037993_1_Cnemaspis_sp__5_IA_2017
Cnemaspis,0.126282409309108,0.0055790865752516,0.120703322733856,Herpetofauna,Gondwanan,Wet + Dry,Cnemaspis_KY037977_1_C_modiglianii_MVZ239314
Cnemaspis,0.10726659712004,0.00473897857381291,0.102527618546227,Herpetofauna,Gondwanan,Wet + Dry,Cnemaspis_MN104944_1_Cnemaspis_tanintharyi
Cnemaspis,0.107357738134562,0.00474300513312043,0.102614733001442,Herpetofauna,Gondwanan,Wet + Dry,Cnemaspis_MN104950_1_C_thayawthadangyi_USNMHerp595052
Cnemaspis,0.124871361833223,0.00551674728292402,0.119354614550299,Herpetofauna,Gondwanan,Wet + Dry,Cnemaspis_L_C_australis_Picket_Z
Cnemaspis,0.0803001436050074,0.00354761566261281,0.0767525279423946,Herpetofauna,Gondwanan,Wet + Dry,Cnemaspis_KY037995_1_Cnemaspis_sp__6_IA_2017
Cnemaspis,0.0830229660389106,0.00366790844266739,0.0793550575962432,Herpetofauna,Gondwanan,Wet + Dry,Cnemaspis_L044_Cnemaspis_monticola
Cnemaspis,0.0636654038432744,0.00281270211610039,0.060852701727174,Herpetofauna,Gondwanan,Wet + Dry,Cnemaspis_L192_Cnemaspis_jackieii_sp_nov
Cnemaspis,0.0627720029627804,0.0027732321623202,0.0599987708004602,Herpetofauna,Gondwanan,Wet + Dry,Cnemaspis_L607_Cnemaspis_gracilis
Cnemaspis,0.0633782891667997,0.00280001754945456,0.0605782716173451,Herpetofauna,Gondwanan,Wet + Dry,Cnemaspis_MK792463_1_C_cf__gracilis_AK_212
Cnemaspis,0.0542040017771376,0.00239470263747915,0.0518092991396584,Herpetofauna,Gondwanan,Wet + Dry,Cnemaspis_MK792466_1_C_agarwali_AK_107
Cnemaspis,0.0724980579536558,0.00320292385989409,0.0692951340937617,Herpetofauna,Gondwanan,Wet + Dry,Cnemaspis_MK792468_1_C_shevaroyensis_AK_204
Cnemaspis,0.0837636573427114,0.00370063177232232,0.0800630255703891,Herpetofauna,Gondwanan,Wet + Dry,Cnemaspis_MK792471_1_C_thackerayi_CES_G143
Cnemaspis,0.0639194313287961,0.00282392490906081,0.0610955064197353,Herpetofauna,Gondwanan,Wet + Dry,Cnemaspis_L557_Cnemaspis_mysoriensis
Cnemaspis,0.0588516317795536,0.00260003234487923,0.0562515994346744,Herpetofauna,Gondwanan,Wet + Dry,Cnemaspis_L_Cnemaspis_otai
Cnemaspis,0.0535118310381618,0.00236412291937962,0.0511477081187821,Herpetofauna,Gondwanan,Wet + Dry,Cnemaspis_L_Cnemaspis_rishivalleyensis_voucher_AK660
Cnemaspis,0.0477828435849746,0.00211101944151023,0.0456718241434644,Herpetofauna,Gondwanan,Wet + Dry,Cnemaspis_MT773207_1_Cnemaspis_avasabinae
Cnemaspis,0.0553740447842952,0.00244639448648182,0.0529276502978134,Herpetofauna,Gondwanan,Wet + Dry,Cnemaspis_L_Cnemaspis_stellapulvis_voucher_AK846
Cnemaspis,0.0534055028700032,0.00235942540007515,0.051046077469928,Herpetofauna,Gondwanan,Wet + Dry,Cnemaspis_L_Cnemaspis_yercaudensis
Cnemaspis,0.0673995557276331,0.00297767486853642,0.0644218808590967,Herpetofauna,Gondwanan,Wet + Dry,Cnemaspis_L_C_adii_BNHS2464
Cnemaspis,0.0527142854559598,0.00232888779934067,0.0503853976566191,Herpetofauna,Gondwanan,Wet + Dry,Cnemaspis_L_C_amboliensis
Cnemaspis,0.053615750130756,0.00236871400706615,0.0512470361236898,Herpetofauna,Gondwanan,Wet + Dry,Cnemaspis_L_Cnemaspis_goaensis
Cnemaspis,0.0489605799713877,0.00216305117972754,0.0467975287916602,Herpetofauna,Gondwanan,Wet + Dry,Cnemaspis_L_C_ajijae
Cnemaspis,0.0526410797395161,0.00232565361152245,0.0503154261279937,Herpetofauna,Gondwanan,Wet + Dry,Cnemaspis_L_Cnemaspis_flaviventralis
Cnemaspis,0.0442194362944092,0.00195359009021963,0.0422658462041896,Herpetofauna,Gondwanan,Wet + Dry,Cnemaspis_L_Cnemaspis_girii
Cnemaspis,0.0397804982854229,0.00175748027896563,0.0380230180064573,Herpetofauna,Gondwanan,Wet + Dry,Cnemaspis_L_Cnemaspis_koynaensis
Cnemaspis,0.0554301241251199,0.00244887204055492,0.052981252084565,Herpetofauna,Gondwanan,Wet + Dry,Cnemaspis_MK792488_1_C_amba_VG_408
Cnemaspis,0.0525044692466676,0.00231961823596335,0.0501848510107043,Herpetofauna,Gondwanan,Wet + Dry,Cnemaspis_MK792492_1_C_cf__mahabali_AK_398
Cnemaspis,0.0582249453353604,0.0025723456864854,0.055652599648875,Herpetofauna,Gondwanan,Wet + Dry,Cnemaspis_L_Cnemaspis_limayei
Cnemaspis,0.0460717577734183,0.00203542462246469,0.0440363331509536,Herpetofauna,Gondwanan,Wet + Dry,Cnemaspis_L_C_bangara_sp__nov__BNHS_2584
Cnemaspis,0.0486897877164933,0.00215108772858474,0.0465386999879085,Herpetofauna,Gondwanan,Wet + Dry,Cnemaspis_L_C_graniticola
Cnemaspis,0.0500861603038164,0.0022127786925013,0.0478733816113151,Herpetofauna,Gondwanan,Wet + Dry,Cnemaspis_L_C_yelagiriensis_NCBS_BH693
Cnemaspis,0.0575834774524206,0.00254400599235267,0.0550394714600679,Herpetofauna,Gondwanan,Wet + Dry,Cnemaspis_L291_Cnemaspis_indica
Cnemaspis,0.057257533275134,0.00252960595996708,0.0547279273151669,Herpetofauna,Gondwanan,Wet + Dry,Cnemaspis_L297_Cnemaspis_anandani
Cnemaspis,0.0482812526196905,0.00213303887533146,0.0461482137443591,Herpetofauna,Gondwanan,Wet + Dry,Cnemaspis_Cnemaspis_lithophilis_sp_nov_ND2_CESL820
Cnemaspis,0.0600812477448047,0.00265435609402196,0.0574268916507828,Herpetofauna,Gondwanan,Wet + Dry,Cnemaspis_L817_Cnemaspis_lithophilis_sp_nov
Cnemaspis,0.0614215144471072,0.00271356833115761,0.0587079461159496,Herpetofauna,Gondwanan,Wet + Dry,Cnemaspis_L693_Cnemaspis_hetropholis
Cnemaspis,0.0549311015484626,0.00242682550079211,0.0525042760476705,Herpetofauna,Gondwanan,Wet + Dry,Cnemaspis_MK792503_1_C_magnifica
Cnemaspis,0.0524519561939909,0.00231729823851622,0.0501346579554747,Herpetofauna,Gondwanan,Wet + Dry,Cnemaspis_L612_Cnemaspis_anaikattiensis
Cnemaspis,0.0541760427691217,0.00239346742406239,0.0517825753450593,Herpetofauna,Gondwanan,Wet + Dry,Cnemaspis_L624_Cnemaspis_chengodumalaensis
Cnemaspis,0.0495015258605769,0.00218694986811038,0.0473145759924665,Herpetofauna,Gondwanan,Wet + Dry,Cnemaspis_L630_Cnemaspis_wynadensis
Cnemaspis,0.0469171465364299,0.00207277342761016,0.0448443731088197,Herpetofauna,Gondwanan,Wet + Dry,Cnemaspis_L415_Cnemaspis_balerion_sp_nov
Cnemaspis,0.0459646047036422,0.00203069065946575,0.0439339140441764,Herpetofauna,Gondwanan,Wet + Dry,Cnemaspis_L136_Cnemaspis_sisparensis
Cnemaspis,0.0464372452602092,0.00205157165626087,0.0443856736039483,Herpetofauna,Gondwanan,Wet + Dry,Cnemaspis_L_Cnemaspis_zacharyi
Cnemaspis,0.051968879082952,0.00229595616055181,0.0496729229224002,Herpetofauna,Gondwanan,Wet + Dry,Cnemaspis_L_Cnemaspis_kolhapurensis
Eutropis,0.041358970400365,0.00414736333101618,0.0372116070693488,Herpetofauna,Asian,Wet + Dry,Eutropis_Eutropis_beddomii
Eutropis,0.045016439247899,0.0045141242062449,0.0405023150416541,Herpetofauna,Asian,Wet + Dry,Eutropis_Eutropis_nagarjuni
Eutropis,0.037576244298454,0.00376804200424048,0.0338082022942135,Herpetofauna,Asian,Wet + Dry,Eutropis_Eutropis_trivittata
Eutropis,0.0436669845596763,0.00437880461688797,0.0392881799427883,Herpetofauna,Asian,Wet + Dry,Eutropis_Eutropis_carinata
Eutropis,0.0375609546582382,0.00376650880134491,0.0337944458568933,Herpetofauna,Asian,Wet + Dry,Eutropis_Eutropis_bibronii
Eutropis,0.0385912120455536,0.00386982016689145,0.0347213918786622,Herpetofauna,Asian,Wet + Dry,Eutropis_Eutropis_quadricarinata
Eutropis,0.0417609409384402,0.00418767182645559,0.0375732691119846,Herpetofauna,Asian,Wet + Dry,Eutropis_Eutropis_allapallensis
Eutropis,0.0420655669820495,0.00421821888482546,0.037847348097224,Herpetofauna,Asian,Wet + Dry,Eutropis_Eutropis_clivicola
Eutropis,0.0428900125607953,0.00430089201059744,0.0385891205501979,Herpetofauna,Asian,Wet + Dry,Eutropis_Eutropis_macularia
Eutropis,0.0449782457134129,0.00451029426408541,0.0404679514493275,Herpetofauna,Asian,Wet + Dry,Eutropis_Eutropis_madaraszi
Eutropis,0.0440643773498439,0.00441865406840954,0.0396457232814344,Herpetofauna,Asian,Wet + Dry,Eutropis_Eutropis_cf_macularia_2
Eutropis,0.0413406972444292,0.00414553094940376,0.0371951662950254,Herpetofauna,Asian,Wet + Dry,Eutropis_Eutropis_cf_macularia_1
Uropeltids,0.0387828372830253,0.00346850385100573,0.0353143334320196,Herpetofauna,Asian,Wet,Uropeltids_Gen001Brachyophidiumrhodogaster
Uropeltids,0.0399326796577604,0.0035713388415381,0.0363613408162223,Herpetofauna,Asian,Wet,Uropeltids_VPC009Teretrurussanguineus
Uropeltids,0.049713788084329,0.00444610238699708,0.045267685697332,Herpetofauna,Asian,Wet,Uropeltids_VPC031Teretruruscfhewstoni
Uropeltids,0.0485861902981045,0.00434525681875349,0.044240933479351,Herpetofauna,Asian,Wet,Uropeltids_VPC020Teretrurusspecies
Uropeltids,0.0423708327043846,0.00378939259479608,0.0385814401095885,Herpetofauna,Asian,Wet,Uropeltids_VPC025Platyplectrurusmadurensis
Uropeltids,0.0416765488391688,0.00372730001908745,0.0379492488200814,Herpetofauna,Asian,Wet,Uropeltids_Gen003Uropeltismelanogaster
Uropeltids,0.0498490063334545,0.00445819549443002,0.0453908108390245,Herpetofauna,Asian,Wet,Uropeltids_Gen004Uropeltisphillipsi
Uropeltids,0.05633572496384,0.00503832861841191,0.0512973963454281,Herpetofauna,Asian,Wet,Uropeltids_Gen014Rhinophisphilippinus
Uropeltids,0.056900605435039,0.00508884813237664,0.0518117573026624,Herpetofauna,Asian,Wet,Uropeltids_Gen031Pseudotyphlopsphilippinus
Uropeltids,0.0435263396597242,0.0038927341913691,0.0396336054683551,Herpetofauna,Asian,Wet,Uropeltids_Gen009Rhinophishomolepis
Uropeltids,0.0498381639861445,0.00445722582005771,0.0453809381660868,Herpetofauna,Asian,Wet,Uropeltids_Gen017Rhinophisoxyrhynchus
Uropeltids,0.0505744433579514,0.00452307422144958,0.0460513691365018,Herpetofauna,Asian,Wet,Uropeltids_Gen010Rhinophiserangaviraji
Uropeltids,0.0487853867592556,0.00436307175291024,0.0444223150063453,Herpetofauna,Asian,Wet,Uropeltids_Gen023Rhinophisdrummondhayi
Uropeltids,0.0538598518155865,0.00481690140599191,0.0490429504095946,Herpetofauna,Asian,Wet,Uropeltids_Gen011Rhinophisblythii
Uropeltids,0.0552392419371653,0.00494026576723809,0.0502989761699272,Herpetofauna,Asian,Wet,Uropeltids_Gen019Rhinophisdorsimaculatus
Uropeltids,0.0623971037907154,0.00558042190699716,0.0568166818837182,Herpetofauna,Asian,Wet,Uropeltids_VPC042Rhinophisspecies
Uropeltids,0.0572434088861876,0.00511950641252695,0.0521239024736606,Herpetofauna,Asian,Wet,Uropeltids_Gen018Rhinophistravancoricus
Uropeltids,0.0506799693290099,0.00453251183000634,0.0461474574990036,Herpetofauna,Asian,Wet,Uropeltids_VPC023Pseudoplectruruscanaricus
Uropeltids,0.0503741227586357,0.00450515875113234,0.0458689640075033,Herpetofauna,Asian,Wet,Uropeltids_VPC029Plectrurusperroteti
Uropeltids,0.0759226529358293,0.00679006572326658,0.0691325872125627,Herpetofauna,Asian,Wet,Uropeltids_Gen006Uropeltisliura
Uropeltids,0.0698727720228487,0.0062490007389885,0.0636237712838602,Herpetofauna,Asian,Wet,Uropeltids_Gen007UropeltisSpecies
Uropeltids,0.0576202577985421,0.00515320951408731,0.0524670482844548,Herpetofauna,Asian,Wet,Uropeltids_VPC002Uropeltismaculata
Uropeltids,0.0594214376571154,0.0053142962141197,0.0541071414429957,Herpetofauna,Asian,Wet,Uropeltids_VPC026Uropeltispulneyensis
Uropeltids,0.0702309116704006,0.00628103059636243,0.0639498810740381,Herpetofauna,Asian,Wet,Uropeltids_VPC004Uropeltiscfellioti
Uropeltids,0.0610109465229592,0.00545645233287277,0.0555544941900864,Herpetofauna,Asian,Wet,Uropeltids_VPC036Uropeltiscfbeddomii
Uropeltids,0.0571736813730162,0.00511327040286652,0.0520604109701497,Herpetofauna,Asian,Wet,Uropeltids_VPC039Uropeltiscfochracea
Uropeltids,0.0645716216336747,0.00577489771229586,0.0587967239213788,Herpetofauna,Asian,Wet,Uropeltids_VPC040Uropeltisnitida
Uropeltids,0.0865320507188093,0.00773890649008753,0.0787931442287218,Herpetofauna,Asian,Wet,Uropeltids_Gen008UropeltisSpecies
Uropeltids,0.0751569993842074,0.00672159027179416,0.0684354091124133,Herpetofauna,Asian,Wet,Uropeltids_VPC028Uropeltiscfceylanicus
Uropeltids,0.0789005411280254,0.00705639014370855,0.0718441509843169,Herpetofauna,Asian,Wet,Uropeltids_VPC013Uropeltismadurensis
Uropeltids,0.0662433453358925,0.00592440663183791,0.0603189387040546,Herpetofauna,Asian,Wet,Uropeltids_VPC008Uropeltisarcticeps
Uropeltids,0.0557037575441348,0.00498180925101851,0.0507219482931163,Herpetofauna,Asian,Wet,Uropeltids_VPC024Uropeltiscfceylanicus
Uropeltids,0.0923076897680384,0.00825544493048262,0.0840522448375558,Herpetofauna,Asian,Wet,Uropeltids_VPC041Uropeltiscfceylanicus
Uropeltids,0.0746987655561489,0.00668060859256107,0.0680181569635878,Herpetofauna,Asian,Wet,Uropeltids_VPC014Uropeltiscfellioti
Uropeltids,0.0928907626428074,0.00830759146367189,0.0845831711791356,Herpetofauna,Asian,Wet,Uropeltids_VPC035Uropeltismyhendrae
Uropeltids,0.0984629958953784,0.00880593851224391,0.0896570573831345,Herpetofauna,Asian,Wet,Uropeltids_VPC003Uropeltiscfceylanicus
Uropeltids,0.0848969551195492,0.00759267336791009,0.0773042817516391,Herpetofauna,Asian,Wet,Uropeltids_VPC046Uropeltiscfphipsonii
Uropeltids,0.091208444021242,0.00815713499822725,0.0830513090230147,Herpetofauna,Asian,Wet,Uropeltids_VPC047Uropeltismmahabaleshwarensis
Uropeltids,0.102661921141692,0.00918146514740578,0.0934804559942866,Herpetofauna,Asian,Wet,Uropeltids_VPC048Uropeltismmahabaleshwarensis
Uropeltids,0.0867171568066651,0.00775546126595107,0.078961695540714,Herpetofauna,Asian,Wet,Uropeltids_VPC049Uropeltismmacrolepis
Uropeltids,0.0906555155450439,0.00810768439885444,0.0825478311461894,Herpetofauna,Asian,Wet,Uropeltids_VPC017Uropeltissp
Uropeltids,0.0454067067616008,0.00406090292246444,0.0413458038391363,Herpetofauna,Asian,Wet,Uropeltids_Gen002Melanophidiumpunctatum
Uropeltids,0.0443680184545612,0.00396800888362272,0.0404000095709385,Herpetofauna,Asian,Wet,Uropeltids_VPC043Melanophidiumwynaudense
Uropeltids,0.0499832931364761,0.00447020529892216,0.045513087837554,Herpetofauna,Asian,Wet,Uropeltids_VPC027Melanophidiumbilineatum
Ahaetullinae,0.0553015745507698,0.00582568920076227,0.0494758853500076,Herpetofauna,Asian,Wet + Dry,Ahaetullinae_KX660480_A_prasina
Ahaetullinae,0.0613997485145544,0.00646809525328026,0.0549316532612741,Herpetofauna,Asian,Wet + Dry,Ahaetullinae_LC105637_A_prasina
Ahaetullinae,0.0543696928716704,0.00572752105494693,0.0486421718167234,Herpetofauna,Asian,Wet + Dry,Ahaetullinae_FMNH269042_A_prasina
Ahaetullinae,0.0619360163731697,0.00652458785585133,0.0554114285173183,Herpetofauna,Asian,Wet + Dry,Ahaetullinae_KX660479_A_mycterizans
Ahaetullinae,0.0589790103750601,0.00621308500896654,0.0527659253660935,Herpetofauna,Asian,Wet + Dry,Ahaetullinae_KC010339_A_prasina
Ahaetullinae,0.0441459931388925,0.00465051560602611,0.0394954775328664,Herpetofauna,Asian,Wet + Dry,Ahaetullinae_KX660477_A_fasciolata
Ahaetullinae,0.052585585657355,0.00553957606032662,0.0470460095970284,Herpetofauna,Asian,Wet + Dry,Ahaetullinae_KC010338_A_prasina
Ahaetullinae,0.0573236073919254,0.00603869823318127,0.0512849091587441,Herpetofauna,Asian,Wet + Dry,Ahaetullinae_KX660467_A_nasuta_Laos
Ahaetullinae,0.0481377044769113,0.00507101845469469,0.0430666860222167,Herpetofauna,Asian,Wet + Dry,Ahaetullinae_Ahaetulla_anomala
Ahaetullinae,0.0409936845466242,0.00431843880219862,0.0366752457444256,Herpetofauna,Asian,Wet + Dry,Ahaetullinae_Ahaetulla_pulverulenta
Ahaetullinae,0.0602862519411395,0.006350795067607,0.0539354568735325,Herpetofauna,Asian,Wet + Dry,Ahaetullinae_Ahaetulla_nasuta_sl
Ahaetullinae,0.0603941518625594,0.00636216167718522,0.0540319901853742,Herpetofauna,Asian,Wet + Dry,Ahaetullinae_KX660447_A_fronticincta
Ahaetullinae,0.0651118658518264,0.00685914455087041,0.058252721300956,Herpetofauna,Asian,Wet + Dry,Ahaetullinae_CESS318
Gerrhopilus,0.00293025418143126,0.000873706546752034,0.00205654763467923,Herpetofauna,Gondwanan,Wet,Gerrhopilussp.CES17240
Gerrhopilus,0.00301035601239478,0.000897590308974145,0.00211276570342064,Herpetofauna,Gondwanan,Wet,Gerrhopilussp.CES16701
Gerrhopilus,0.00288064673170463,0.000858915217771604,0.00202173151393303,Herpetofauna,Gondwanan,Wet,Gerrhopilushedraeus
Gerrhopilus,0.00285911358856201,0.000852494734437744,0.00200661885412427,Herpetofauna,Gondwanan,Wet,Gerrhopilusmirus
Fan-Throated,0.097103098947203,0.00952484226046544,0.0875782566867376,Herpetofauna,Asian,Wet + Dry,Fan-Throated_s1
Fan-Throated,0.110257174353054,0.0108151254201319,0.0994420489329223,Herpetofauna,Asian,Wet + Dry,Fan-Throated_s2
Fan-Throated,0.101585867188265,0.00996455696421092,0.0916213102240539,Herpetofauna,Asian,Wet + Dry,Fan-Throated_sl
Fan-Throated,0.0833030474248885,0.0081711953082934,0.0751318521165951,Herpetofauna,Asian,Wet + Dry,Fan-Throated_ssp2
Fan-Throated,0.104988384294392,0.0102983098420878,0.0946900744523037,Herpetofauna,Asian,Wet + Dry,Fan-Throated_ssp3
Fan-Throated,0.0945052490932345,0.00927001918742555,0.085235229905809,Herpetofauna,Asian,Wet + Dry,Fan-Throated_scs
Fan-Throated,0.0958520678355374,0.00940212862793731,0.0864499392076001,Herpetofauna,Asian,Wet + Dry,Fan-Throated_ss5
Fan-Throated,0.0896199408989827,0.00879081934263679,0.080829121556346,Herpetofauna,Asian,Wet + Dry,Fan-Throated_ss4
Fan-Throated,0.086436794672541,0.00847858455273231,0.0779582101198087,Herpetofauna,Asian,Wet + Dry,Fan-Throated_sc
Fan-Throated,0.0880407321571436,0.00863591476878231,0.0794048173883613,Herpetofauna,Asian,Wet + Dry,Fan-Throated_spo
Fan-Throated,0.0782414551447309,0.00767470375881665,0.0705667513859142,Herpetofauna,Asian,Wet + Dry,Fan-Throated_smar
Fan-Throated,0.074213663324145,0.00727961768880427,0.0669340456353407,Herpetofauna,Asian,Wet + Dry,Fan-Throated_sad
Fan-Throated,0.0880647798382201,0.00863827360564197,0.0794265062325782,Herpetofauna,Asian,Wet + Dry,Fan-Throated_sadar
Fan-Throated,0.0877136573527133,0.00860383200362498,0.0791098253490883,Herpetofauna,Asian,Wet + Dry,Fan-Throated_ssup
Fan-Throated,0.0873574386063388,0.00856889050941704,0.0787885480969218,Herpetofauna,Asian,Wet + Dry,Fan-Throated_sasp1
Fan-Throated,0.065748278630104,0.00644924816652219,0.0592990304635819,Herpetofauna,Asian,Wet + Dry,Fan-Throated_ow
Fan-Throated,0.0563068460997076,0.00552313811916161,0.050783707980546,Herpetofauna,Asian,Wet + Dry,Fan-Throated_obed
Ophisops,0.244407121315451,0.0227510351638362,0.221656086151615,Herpetofauna,Asian,Wet + Dry,Ophisops1
Ophisops,0.231221101147252,0.021523592989062,0.20969750815819,Herpetofauna,Asian,Wet + Dry,Ophisops2
Ophisops,0.237649208414619,0.0221219638290344,0.215527244585584,Herpetofauna,Asian,Wet + Dry,Ophisops3
Ophisops,0.206569387874994,0.019228848087656,0.187340539787338,Herpetofauna,Asian,Wet + Dry,Ophisops4
Ophisops,0.246088063430355,0.0229075083997989,0.223180555030556,Herpetofauna,Asian,Wet + Dry,Ophisops5
Ophisops,0.281732551648151,0.026225533670402,0.255507017977749,Herpetofauna,Asian,Wet + Dry,Ophisops6
Ophisops,0.213295367246137,0.019854946837809,0.193440420408328,Herpetofauna,Asian,Wet + Dry,Ophisops7
Ophisops,0.234892261497704,0.0218653289326616,0.213026932565042,Herpetofauna,Asian,Wet + Dry,Ophisops8
Ophisops,0.239370612883513,0.0222822035691541,0.217088409314358,Herpetofauna,Asian,Wet + Dry,Ophisops9
Ophisops,0.22957363921576,0.0213702363105302,0.20820340290523,Herpetofauna,Asian,Wet + Dry,Ophisops10
Ophisops,0.191848368302802,0.0178585179919866,0.173989850310815,Herpetofauna,Asian,Wet + Dry,Ophisops11
Ophisops,0.186495288539647,0.0173602178390661,0.169135070700581,Herpetofauna,Asian,Wet + Dry,Ophisops12
Ophisops,0.205299652129964,0.0191106526667186,0.186188999463246,Herpetofauna,Asian,Wet + Dry,Ophisops13
Ophisops,0.180543862179083,0.0168062196180838,0.163737642560999,Herpetofauna,Asian,Wet + Dry,Ophisops14
Ophisops,0.181692174024331,0.0169131120974423,0.164779061926889,Herpetofauna,Asian,Wet + Dry,Ophisops15
Ophisops,0.142925598821177,0.0133044622721776,0.129621136549,Herpetofauna,Asian,Wet + Dry,Ophisops16
Ophisops,0.168556083333555,0.0156903176894371,0.152865765644118,Herpetofauna,Asian,Wet + Dry,Ophisops17
Ophisops,0.188393300341535,0.0175368973605699,0.170856402980965,Herpetofauna,Asian,Wet + Dry,Ophisops18
Ophisops,0.209524386429486,0.0195039189434497,0.190020467486036,Herpetofauna,Asian,Wet + Dry,Ophisops18_1
Ophisops,0.229982489132558,0.021408294771281,0.208574194361277,Herpetofauna,Asian,Wet + Dry,Ophisops19
Ophisops,0.194732713722028,0.0181270119855506,0.176605701736477,Herpetofauna,Asian,Wet + Dry,Ophisops20
Ophisops,0.20261558047977,0.0188608014833032,0.183754778996467,Herpetofauna,Asian,Wet + Dry,Ophisops21
Ophisops,0.179732981817247,0.0167307374982236,0.163002244319023,Herpetofauna,Asian,Wet + Dry,Ophisops22
Ophisops,0.188072428935728,0.017507028522881,0.170565400412847,Herpetofauna,Asian,Wet + Dry,Ophisops23
Ophisops,0.218110045769518,0.0203031290339678,0.19780691673555,Herpetofauna,Asian,Wet + Dry,Ophisops24
Ophisops,0.212718738068577,0.0198012703711637,0.192917467697413,Herpetofauna,Asian,Wet + Dry,Ophisops25
Ophisops,0.173560661308281,0.0161561769854769,0.157404484322804,Herpetofauna,Asian,Wet + Dry,Ophisops26
Ophisops,0.165469241250527,0.0154029739639425,0.150066267286584,Herpetofauna,Asian,Wet + Dry,Ophisops27
Ophisops,0.137386434975408,0.0127888401791916,0.124597594796216,Herpetofauna,Asian,Wet + Dry,Ophisops28
Ophisops,0.153931540981255,0.0143289683329969,0.139602572648258,Herpetofauna,Asian,Wet + Dry,Ophisops29
Ophisops,0.154904064575626,0.014419497276565,0.140484567299061,Herpetofauna,Asian,Wet + Dry,Ophisops30
Ophisops,0.118291878529372,0.0110113922766777,0.107280486252694,Herpetofauna,Asian,Wet + Dry,Ophisops31
Ophisops,0.105002104563123,0.00977429201053883,0.0952278125525838,Herpetofauna,Asian,Wet + Dry,Ophisops32
Ophisops,0.115413832642689,0.010743484685366,0.104670347957323,Herpetofauna,Asian,Wet + Dry,Ophisops33
Ophisops,0.0977805248782819,0.00910205949757452,0.0886784653807073,Herpetofauna,Asian,Wet + Dry,Ophisops34
Ophisops,0.103957046388291,0.00967701106734912,0.0942800353209419,Herpetofauna,Asian,Wet + Dry,Ophisops35
Testudines,0.0337337240564002,0.00336586945073076,0.0303678546056695,Herpetofauna,Asian,FW,Testudines_Geoclemys_hamiltonii
Testudines,0.034448167915535,0.00343715493215889,0.0310110129833761,Herpetofauna,Asian,FW,Testudines_Pangshura_sylhetensis
Testudines,0.0331873392544246,0.00331135249582124,0.0298759867586034,Herpetofauna,Asian,FW,Testudines_Pangshura_tecta
Testudines,0.0299887399465316,0.00299220398800853,0.026996535958523,Herpetofauna,Asian,FW,Testudines_Pangshura_tentoria
Testudines,0.0297500065283835,0.00296838374457292,0.0267816227838106,Herpetofauna,Asian,FW,Testudines_Pangshura_smithii
Testudines,0.0322465362936392,0.00321748145034845,0.0290290548432907,Herpetofauna,Asian,FW,Testudines_Hardella_thurjii
Testudines,0.0313343265957097,0.00312646337153249,0.0282078632241772,Herpetofauna,Asian,FW,Testudines_Batagur_kachuga
Testudines,0.031981256756905,0.00319101249936323,0.0287902442575418,Herpetofauna,Asian,FW,Testudines_Batagur_baska
Testudines,0.0289041307097963,0.00288398429990637,0.0260201464098899,Herpetofauna,Asian,FW,Testudines_Batagur_affinis
Testudines,0.0300681036587768,0.00300012270739143,0.0270679809513854,Herpetofauna,Asian,FW,Testudines_Batagur_dhongoka
Testudines,0.0294239312531172,0.00293584874174244,0.0264880825113748,Herpetofauna,Asian,FW,Testudines_Batagur_borneoensis
Testudines,0.0291289003088923,0.00290641126722802,0.0262224890416643,Herpetofauna,Asian,FW,Testudines_Batagur_trivittata
Testudines,0.0319793340732137,0.00319082065863171,0.028788513414582,Herpetofauna,Asian,FW,Testudines_Morenia_ocellata
Testudines,0.0317368897073931,0.00316663014580683,0.0285702595615863,Herpetofauna,Asian,FW,Testudines_Morenia_petersi
Heterometrinae,0.038083829190923,0.00388092550808504,0.034202903682838,Invertebrate,Gondwanan,Wet + Dry,Heterometrinae_S__gravimanus_12279
Heterometrinae,0.0422369360054511,0.00430414708313993,0.0379327889223112,Invertebrate,Gondwanan,Wet + Dry,Heterometrinae_S__serratus_14058
Heterometrinae,0.0366849379464052,0.00373837175681519,0.03294656618959,Invertebrate,Gondwanan,Wet + Dry,Heterometrinae_S__indus_12282
Heterometrinae,0.0409822485260093,0.00417628838964487,0.0368059601363645,Invertebrate,Gondwanan,Wet + Dry,Heterometrinae_S__pococki_12281
Heterometrinae,0.0414046616820736,0.00421933432350046,0.0371853273585731,Invertebrate,Gondwanan,Wet + Dry,Heterometrinae_J__cyaneus_12112
Heterometrinae,0.0388543832322907,0.00395944867390195,0.0348949345583887,Invertebrate,Gondwanan,Wet + Dry,Heterometrinae_S__rugosus_14007
Heterometrinae,0.0348637858210334,0.00355278758926664,0.0313109982317667,Invertebrate,Gondwanan,Wet + Dry,Heterometrinae_S__tikaderi_16764
Heterometrinae,0.0373766485304636,0.00380886039482548,0.0335677881356381,Invertebrate,Gondwanan,Wet + Dry,Heterometrinae_S__kanarensis_14029
Heterometrinae,0.029831444798577,0.00303996781629883,0.0267914769822781,Invertebrate,Gondwanan,Wet + Dry,Heterometrinae_S__mathewi_13132
Heterometrinae,0.028363385004352,0.00289036545687643,0.0254730195474756,Invertebrate,Gondwanan,Wet + Dry,Heterometrinae_S__scaber_16771
Heterometrinae,0.0398556168719653,0.00406147920114452,0.0357941376708207,Invertebrate,Gondwanan,Wet + Dry,Heterometrinae_D__obscurus_6225
Heterometrinae,0.0363044445526432,0.00369959764851569,0.0326048469041275,Invertebrate,Gondwanan,Wet + Dry,Heterometrinae_D__bengalensis_14238
Heterometrinae,0.0313723658475561,0.00319699508829263,0.0281753707592635,Invertebrate,Gondwanan,Wet + Dry,Heterometrinae_D__xanthopus_13126
Heterometrinae,0.0313421143553486,0.0031939123156235,0.0281482020397251,Invertebrate,Gondwanan,Wet + Dry,Heterometrinae_D__latimanus_11569
Heterometrinae,0.0354662012408675,0.00361417662022719,0.0318520246206403,Invertebrate,Gondwanan,Wet + Dry,Heterometrinae_C__madraspatensis_4324
Heterometrinae,0.0316066465261533,0.00322086941713339,0.02838577710902,Invertebrate,Gondwanan,Wet + Dry,Heterometrinae_C__fulvipes_13125
Heterometrinae,0.0356994213184723,0.0036379428687217,0.0320614784497506,Invertebrate,Gondwanan,Wet + Dry,Heterometrinae_C__beccaloniae_13134
Heterometrinae,0.0314945903717349,0.00320945035562462,0.0282851400161102,Invertebrate,Gondwanan,Wet + Dry,Heterometrinae_C__tristis_13135
Heterometrinae,0.0346085925088469,0.00352678216240181,0.0310818103464451,Invertebrate,Gondwanan,Wet + Dry,Heterometrinae_C__hendersoni__16776
Heterometrinae,0.0355623364464239,0.00362397326041268,0.0319383631860113,Invertebrate,Gondwanan,Wet + Dry,Heterometrinae_C__bastawadei_16787
Heterometrinae,0.0391089120179189,0.00398538638231185,0.0351235256356071,Invertebrate,Gondwanan,Wet + Dry,Heterometrinae_C__pelekomanus_16773
Heterometrinae,0.0399721290537395,0.00407335235328958,0.0358987767004499,Invertebrate,Gondwanan,Wet + Dry,Heterometrinae_G__swammerdami_13128
Heterometrinae,0.0397618674167576,0.00405192568040319,0.0357099417363544,Invertebrate,Gondwanan,Wet + Dry,Heterometrinae_G__titanicus_12287
Rhysida_longipes_complex,0.0114186667288024,0.000641170042425604,0.0107774966863768,Invertebrate,Gondwanan,Wet,Rhysida_longipes_complex1
Rhysida_longipes_complex,0.010027042968568,0.0005630289173204,0.00946401405124759,Invertebrate,Gondwanan,Wet,Rhysida_longipes_complex2
Rhysida_longipes_complex,0.00890101075544535,0.000499801034502932,0.00840120972094242,Invertebrate,Gondwanan,Wet,Rhysida_longipes_complex3
Rhysida_longipes_complex,0.0098629059628712,0.000553812453314075,0.00930909350955713,Invertebrate,Gondwanan,Wet,Rhysida_longipes_complex4
Rhysida_immarginata_complex,0.00946879074454457,0.000531682472883202,0.00893710827166137,Invertebrate,Gondwanan,Wet,Rhysida_immarginata_complex5
Rhysida_immarginata_complex,0.00859153192617572,0.000482423475563225,0.0081091084506125,Invertebrate,Gondwanan,Wet,Rhysida_immarginata_complex9
Rhysida_immarginata_complex,0.00831855233379459,0.000467095386830514,0.00785145694696407,Invertebrate,Gondwanan,Wet,Rhysida_immarginata_complex6
Rhysida_immarginata_complex,0.00873241302266954,0.00049033409602017,0.00824207892664937,Invertebrate,Gondwanan,Wet,Rhysida_immarginata_complex_Ima
Rhysida_immarginata_complex,0.00893318731992828,0.000501607782147347,0.00843157953778093,Invertebrate,Gondwanan,Wet,Rhysida_immarginata_complex7
Rhysida_immarginata_complex,0.0112895190184917,0.000633918263836582,0.0106556007546551,Invertebrate,Gondwanan,Wet,Rhysida_immarginata_complex8
Rhysida_immarginata_complex,0.0106956588911393,0.000600572398501102,0.0100950864926382,Invertebrate,Gondwanan,Wet,Rhysida_immarginata_complex10
Ethmostigmus,0.0117874143463119,0.000661875605621218,0.0111255387406906,Invertebrate,Gondwanan,Wet,Ethmostigmus_Ea
Ethmostigmus,0.00806401185087227,0.000452802673319341,0.00761120917755293,Invertebrate,Gondwanan,Wet,Ethmostigmus_Ec
Ethmostigmus,0.00821246854727632,0.000461138671609899,0.00775132987566642,Invertebrate,Gondwanan,Wet,Ethmostigmus_Es
Ethmostigmus,0.00912688509347109,0.00051248411408958,0.00861440097938151,Invertebrate,Gondwanan,Wet,Ethmostigmus_Ep
Ethmostigmus,0.0109971211736998,0.000617499819984687,0.0103796213537151,Invertebrate,Gondwanan,Wet,Ethmostigmus_Et
Digitipes,0.00862079362124485,0.000484066550250884,0.00813672707099396,Invertebrate,Gondwanan,Wet,Digitipesj1
Digitipes,0.00942075928707108,0.000528985456466359,0.00889177383060473,Invertebrate,Gondwanan,Wet,Digitipesj2
Digitipes,0.00986499203780857,0.000553929588596842,0.00931106244921173,Invertebrate,Gondwanan,Wet,Digitipesc2
Digitipes,0.0109199092895042,0.0006131642921826,0.0103067449973216,Invertebrate,Gondwanan,Wet,Digitipesc1
Digitipes,0.0105711810738846,0.000593582839276213,0.00997759823460843,Invertebrate,Gondwanan,Wet,Digitipesjn
Digitipes,0.0105725831023461,0.000593661564636142,0.00997892153771,Invertebrate,Gondwanan,Wet,Digitipesn
Digitipes,0.00887028774179564,0.000498075905253337,0.0083722118365423,Invertebrate,Gondwanan,Wet,Digitipes_Tha
Digitipes,0.0104893936915703,0.000588990392484143,0.00990040329908611,Invertebrate,Gondwanan,Wet,Digitipes_Kal
Digitipes,0.0100538953140173,0.000564536704514815,0.00948935860950253,Invertebrate,Gondwanan,Wet,Digitipesb3
Digitipes,0.00782127834439787,0.000439172933846191,0.00738210541055168,Invertebrate,Gondwanan,Wet,Digitipesb2
Digitipes,0.00791315123865561,0.000444331692649477,0.00746881954600614,Invertebrate,Gondwanan,Wet,Digitipesb
Indonaia,0.0308511509331645,0.00209693841091591,0.0287542125222486,Invertebrate,Gondwanan,FW,Indonaia_andersoniana_Myanmar
Indonaia,0.0298198123365934,0.00202683880515095,0.0277929735314425,Invertebrate,Gondwanan,FW,Indonaia_caerulea_Nepal
Indonaia,0.0315916166463241,0.00214726752178942,0.0294443491245347,Invertebrate,Gondwanan,FW,Indonaia_subclathrata_Myanmar
Indonaia,0.0306626485369439,0.00208412599052871,0.0285785225464152,Invertebrate,Gondwanan,FW,Indonaia_bonneaudii_India
Indonaia,0.0296649977035291,0.002016316126391,0.0276486815771381,Invertebrate,Gondwanan,FW,Indonaia_rugosa_India
Indonaia,0.031221326156134,0.00212209904902292,0.0290992271071111,Invertebrate,Gondwanan,FW,Indonaia_shurtleffiana_India
Indonaia,0.0297205617983204,0.00202009279212669,0.0277004690061938,Invertebrate,Gondwanan,FW,Indonaia_cylindrica_India
Indonaia,0.029143655143823,0.00198088071456273,0.0271627744292602,Invertebrate,Gondwanan,FW,Indonaia_gratiosa_Nepal
Parreysia,0.0270108169284922,0.00183591269091637,0.0251749042375758,Invertebrate,Gondwanan,FW,Parreysia_keralaensis_India
Parreysia,0.0289879622522972,0.00197029834098275,0.0270176639113145,Invertebrate,Gondwanan,FW,Parreysia_corrugata_Nepal
Parreysia,0.0278279875785309,0.00189145540075081,0.0259365321777801,Invertebrate,Gondwanan,FW,Parreysia_rakhinensis_Myanmar_Rakhine
Parreysia,0.0262218404032855,0.00178228632266187,0.0244395540806237,Invertebrate,Gondwanan,FW,Parreysia_nagpoorensis_India
Parreysia,0.0263588987590163,0.00179160211549214,0.0245672966435241,Invertebrate,Gondwanan,FW,Parreysia_plagiosoma_India
Lamellidens,0.0301685550654502,0.00205054268657994,0.0281180123788703,Invertebrate,Gondwanan,FW,Lamellidens_lamellatus_India
Lamellidens,0.0313635087800394,0.00213176313598285,0.0292317456440566,Invertebrate,Gondwanan,FW,Lamellidens_jenkinsianus_India
Lamellidens,0.0372339893804333,0.00253077697790307,0.0347032124025302,Invertebrate,Gondwanan,FW,Lamellidens_generosus_Myanmar
Lamellidens,0.0300464719927122,0.00204224475678466,0.0280042272359276,Invertebrate,Gondwanan,FW,Lamellidens_mainwaringi_Kaladan
Lamellidens,0.0332077091675187,0.00225711258042689,0.0309505965870918,Invertebrate,Gondwanan,FW,Lamellidens_ferrugineus_Myanmar
Lamellidens,0.0338987099548562,0.00230407958324893,0.0315946303716073,Invertebrate,Gondwanan,FW,Lamellidens_marginalis_Nepal
Lamellidens,0.0321661102801332,0.00218631558745707,0.0299797946926761,Invertebrate,Gondwanan,FW,Lamellidens_savadiensis_Myanmar
Lamellidens,0.0306313201683957,0.00208199661585798,0.0285493235525377,Invertebrate,Gondwanan,FW,Lamellidens_nongyangensis_Myanmar_Nongyang_Lake
Lamellidens,0.0278804281387494,0.00189501976129121,0.0259854083774582,Invertebrate,Gondwanan,FW,Lamellidens_corrianus_India
Piper_group_1,0.0634486932768386,0.00271030483694926,0.0607383884398894,Angiosperm,Asian,Wet,Piper_group_1hymenophyllum_WG
Piper_group_1,0.0703691175022597,0.00300592099991831,0.0673631965023413,Angiosperm,Asian,Wet,Piper_group_1lenticellate_WG
Piper_group_1,0.0697187245320785,0.0029781385016199,0.0667405860304586,Angiosperm,Asian,Wet,Piper_group_1sps_NILGIRI_WG
Piper_group_1,0.0648110894435694,0.00276850160554811,0.0620425878380213,Angiosperm,Asian,Wet,Piper_group_1hookeri_WG
Piper_group_1,0.0629334968501221,0.0026882974590949,0.0602451993910272,Angiosperm,Asian,Wet,Piper_group_1argyrophyllum_PTR
Piper_group_1,0.0598586149533211,0.00255694932806901,0.0573016656252521,Angiosperm,Asian,Wet,Piper_group_1attenuatum_gundia
Piper_group_2,0.0486324714436988,0.00207740799344041,0.0465550634502583,Angiosperm,Asian,Wet,Piper_group_2spp_Idukky
Piper_group_2,0.0531360691351563,0.00226978583412459,0.0508662833010317,Angiosperm,Asian,Wet,Piper_group_2trichostachyon_CWG
Piper_group_2,0.0542152760726999,0.0023158857556806,0.0518993903170193,Angiosperm,Asian,Wet,Piper_group_2nigrum
Piper_group_2,0.0527998271047276,0.00225542275815894,0.0505444043465687,Angiosperm,Asian,Wet,Piper_group_2pseudonigrum_WG
Piper_group_2,0.0482509952163672,0.00206111267180775,0.0461898825445594,Angiosperm,Asian,Wet,Piper_group_2spsBRT_WG
Piper_group_2,0.0552790229047535,0.00236132527594975,0.0529176976288037,Angiosperm,Asian,Wet,Piper_group_2nigrum_subpenninerve
Piper_group_2,0.056210804276263,0.00240112769626379,0.0538096765799992,Angiosperm,Asian,Wet,Piper_group_2galeatum_ranni
Piper_group_2,0.0581592367063596,0.00248435787118195,0.0556748788351777,Angiosperm,Asian,Wet,Piper_group_2relictum_WG
Piper_group_2,0.0488116810761832,0.002085063198121,0.0467266178780622,Angiosperm,Asian,Wet,Piper_group_2barberi_sWG
Piper_group_2,0.0497483506957069,0.00212507442718355,0.0476232762685234,Angiosperm,Asian,Wet,Piper_group_2schmidtii_WG
Acanthaceae,0.249761483864499,0.0294417028167688,0.220319781047731,Angiosperm,Asian,Wet + Dry,Acanthaceae_Haplanthodes_sp_1
Acanthaceae,0.249386231342185,0.0293974683212321,0.219988763020953,Angiosperm,Asian,Wet + Dry,Acanthaceae_Haplanthodes_neilgherryensis_2
Acanthaceae,0.2367223514273,0.0279046593292597,0.20881769209804,Angiosperm,Asian,Wet + Dry,Acanthaceae_Haplanthodes_plumosa_2
Acanthaceae,0.229982370421653,0.0271101552500536,0.202872215171599,Angiosperm,Asian,Wet + Dry,Acanthaceae_Haplamthodes_verticillata_2
Acanthaceae,0.253555198938122,0.0298889032018758,0.223666295736247,Angiosperm,Asian,Wet + Dry,Acanthaceae_Haplanthodes_tentaculatus_1
Acanthaceae,0.187721674464979,0.0221284950199229,0.165593179445056,Angiosperm,Asian,Wet + Dry,Acanthaceae_Andrographis_alata_*HJCB_2250_KMTR
Acanthaceae,0.218648016194618,0.0257740697831951,0.192873946411423,Angiosperm,Asian,Wet + Dry,Acanthaceae_Haplanthus_ovatus_HJCB5432_KA
Acanthaceae,0.21106093916728,0.0248797106385001,0.18618122852878,Angiosperm,Asian,Wet + Dry,Acanthaceae_Andrographis_lawsonii
Acanthaceae,0.216204719014854,0.0254860556813143,0.19071866333354,Angiosperm,Asian,Wet + Dry,Acanthaceae_Andrographis_megamalayana2
Acanthaceae,0.198391188115322,0.023386209561142,0.17500497855418,Angiosperm,Asian,Wet + Dry,Acanthaceae_Andrographis_paniculata
Acanthaceae,0.21538093123116,0.0253889481740384,0.189991983057121,Angiosperm,Asian,Wet + Dry,Acanthaceae_Andrographis_lineata_*
Acanthaceae,0.188538562952668,0.0222247892431827,0.166313773709485,Angiosperm,Asian,Wet + Dry,Acanthaceae_Andrographis_lobelioides
Acanthaceae,0.16229661133404,0.0191314069933127,0.143165204340728,Angiosperm,Asian,Wet + Dry,Acanthaceae_Andrographis_echioides_*_Ind_psbA
Acanthaceae,0.179996223819185,0.0212178244933076,0.158778399325877,Angiosperm,Asian,Wet + Dry,Acanthaceae_Andrographis_glandulosa
Acanthaceae,0.209161387468088,0.0246557928600366,0.184505594608052,Angiosperm,Asian,Wet + Dry,Acanthaceae_Andrographis_nallamalayana_*
Ceropegiae,0.307376470668426,0.0338428688972331,0.273533601771193,Angiosperm,Asian,Wet,Ceropegiae_C63_C_sp_nov_kmtr
Ceropegiae,0.296249185804012,0.0326177287880061,0.263631457016006,Angiosperm,Asian,Wet,Ceropegiae_C8_C_candelabrum_candelabrum
Ceropegiae,0.252897176611633,0.0278445711018018,0.225052605509831,Angiosperm,Asian,Wet,Ceropegiae_C5_C_candelabrum_candelabrum_tuberosa
Ceropegiae,0.279502929661088,0.0307739267886793,0.248729002872409,Angiosperm,Asian,Wet,Ceropegiae_C70_Ceropegia_candelabrum
Ceropegiae,0.296162236051564,0.0326081554167382,0.263554080634826,Angiosperm,Asian,Wet,Ceropegiae_Ceropegia_cumingiana
Ceropegiae,0.259871191197925,0.0286124264318407,0.231258764766084,Angiosperm,Asian,Wet,Ceropegiae_C1_C_thwaitesii
Ceropegiae,0.283306746645895,0.0311927359423075,0.252114010703587,Angiosperm,Asian,Wet,Ceropegiae_C3_C_decaisneana_intermedia
Ceropegiae,0.281681876621768,0.031013833949315,0.250668042672453,Angiosperm,Asian,Wet,Ceropegiae_C46_C_sps
Ceropegiae,0.248577431485012,0.027368957052126,0.221208474432886,Angiosperm,Asian,Wet,Ceropegiae_C2_C_elegans_var_elegans
Ceropegiae,0.265865254315713,0.0292723868114231,0.23659286750429,Angiosperm,Asian,Wet,Ceropegiae_C25_C_gardnerii
Ceropegiae,0.293033588031396,0.0322636839464857,0.26076990408491,Angiosperm,Asian,Wet,Ceropegiae_C_elegans_mullengiri_C76
Ceropegiae,0.297047553336571,0.0327056309220811,0.26434192241449,Angiosperm,Asian,Wet,Ceropegiae_C54_C_manohari
Ceropegiae,0.311420133598748,0.0342880856508704,0.277132047947878,Angiosperm,Asian,Wet,Ceropegiae_C67_Ceropegia_elegans
Ceropegiae,0.269216091842324,0.0296413218664141,0.239574769975909,Angiosperm,Asian,Wet,Ceropegiae_C_decaisneana_094
Ceropegiae,0.435759717613589,0.0479781648927849,0.387781552720804,Angiosperm,Asian,Wet,Ceropegiae_C15_C_spiralis
Ceropegiae,0.435972732193004,0.048001618296582,0.387971113896422,Angiosperm,Asian,Wet,Ceropegiae_Ceropegia_spiralis_138_B130
Ceropegiae,0.4654838582787,0.0512508623553613,0.414232995923338,Angiosperm,Asian,Wet,Ceropegiae_C50_Brachystelma_vartaki
Ceropegiae,0.455782588840301,0.0501827298824154,0.405599858957886,Angiosperm,Asian,Wet,Ceropegiae_C48_B_mahajanii
Ceropegiae,0.439546035575018,0.0483950473629793,0.391150988212039,Angiosperm,Asian,Wet,Ceropegiae_Brachystelma_edule_068_B104
Ceropegiae,0.435993564510281,0.0480039119834765,0.387989652526805,Angiosperm,Asian,Wet,Ceropegiae_C72_B_Karmegam
Ceropegiae,0.400821670703338,0.0441314041484191,0.356690266554919,Angiosperm,Asian,Wet,Ceropegiae_Brachystelma_sp_Alok_C75
Ceropegiae,0.511567712971715,0.0563248026256212,0.455242910346094,Angiosperm,Asian,Wet,Ceropegiae_C43_B_edulis
Ceropegiae,0.474730253131802,0.0522689120717404,0.422461341060062,Angiosperm,Asian,Wet,Ceropegiae_C47_B_malwanensis
Ceropegiae,0.533320999433316,0.0587198903829989,0.474601109050318,Angiosperm,Asian,Wet,Ceropegiae_C42_B_sps
Ceropegiae,0.526320994102619,0.0579491734111644,0.468371820691454,Angiosperm,Asian,Wet,Ceropegiae_S37_B_shivrayensis
Ceropegiae,0.48862048262576,0.0537982588519095,0.43482222377385,Angiosperm,Asian,Wet,Ceropegiae_Brachystelma_kolarense_clone_044
Ceropegiae,0.492967232736968,0.0542768462135991,0.438690386523369,Angiosperm,Asian,Wet,Ceropegiae_C59_B_ciliatum
Ceropegiae,0.520783248997384,0.0573394547128684,0.463443794284515,Angiosperm,Asian,Wet,Ceropegiae_Brachystelma_edule_clone_031
Ceropegiae,0.310073110130302,0.0341397752140143,0.275933334916288,Angiosperm,Asian,Wet,Ceropegiae_C61_B_volubile
Ceropegiae,0.325752325715738,0.035866093550338,0.2898862321654,Angiosperm,Asian,Wet,Ceropegiae_C74_Ceropegia_Pulliahi
Ceropegiae,0.279273072888313,0.0307486190199705,0.248524453868342,Angiosperm,Asian,Wet,Ceropegiae_C71_B_Thirupathi
Ceropegiae,0.26511779753965,0.0291900900708051,0.235927707468845,Angiosperm,Asian,Wet,Ceropegiae_C73_B_Volu_Rheedea
Ceropegiae,0.296932549885232,0.0326929687728999,0.264239581112332,Angiosperm,Asian,Wet,Ceropegiae_Brachystelma_brevitubulatum_clone_012
Ceropegiae,0.34590983246915,0.0380854822265998,0.307824350242551,Angiosperm,Asian,Wet,Ceropegiae_C45_B_bourneae
Ceropegiae,0.314355536905994,0.0346112804259018,0.279744256480092,Angiosperm,Asian,Wet,Ceropegiae_C21_C_jainii
Ceropegiae,0.29951568233087,0.0329773777015072,0.266538304629363,Angiosperm,Asian,Wet,Ceropegiae_C22_C_jainii
Ceropegiae,0.331772430075043,0.0365289211315662,0.295243508943477,Angiosperm,Asian,Wet,Ceropegiae_C17_C_attenuata_sp_nov
Ceropegiae,0.314597342924695,0.0346379038345565,0.279959439090138,Angiosperm,Asian,Wet,Ceropegiae_C36_C_mohanramii
Ceropegiae,0.358611849658627,0.0394840040507949,0.319127845607832,Angiosperm,Asian,Wet,Ceropegiae_C34_C_anantii
Ceropegiae,0.3415995539401,0.0376109104714749,0.303988643468625,Angiosperm,Asian,Wet,Ceropegiae_C16_C_attenuata
Ceropegiae,0.330321751564132,0.0363691980319092,0.293952553532223,Angiosperm,Asian,Wet,Ceropegiae_C28_C_anjanerica
Ceropegiae,0.315301933404733,0.0347154808956449,0.280586452509088,Angiosperm,Asian,Wet,Ceropegiae_C_C_mahabalei
Ceropegiae,0.359001606925543,0.0395269172381878,0.319474689687355,Angiosperm,Asian,Wet,Ceropegiae_C23_C_odorata
Ceropegiae,0.335583549476902,0.0369485342984047,0.298635015178498,Angiosperm,Asian,Wet,Ceropegiae_C_pusilla_127_B128
Ceropegiae,0.321427576763295,0.0353899285677266,0.286037648195568,Angiosperm,Asian,Wet,Ceropegiae_C27_C_noorjahaniae
Ceropegiae,0.310891753642515,0.0342299097809093,0.276661843861606,Angiosperm,Asian,Wet,Ceropegiae_C19_C_bhatti
Ceropegiae,0.364115780094726,0.0400899996748689,0.324025780419857,Angiosperm,Asian,Wet,Ceropegiae_C41_C_fimbrifera
Ceropegiae,0.291209704186611,0.0320628700660069,0.259146834120604,Angiosperm,Asian,Wet,Ceropegiae_C39_C_media
Ceropegiae,0.278670158252102,0.0306822367072804,0.247987921544822,Angiosperm,Asian,Wet,Ceropegiae_C30_C_santapaui
Ceropegiae,0.275920240191055,0.0303794642920211,0.245540775899034,Angiosperm,Asian,Wet,Ceropegiae_C32_C_huberi
Ceropegiae,0.338841413948945,0.0373072328024656,0.301534181146479,Angiosperm,Asian,Wet,Ceropegiae_C40_C_sahyadrica
Ceropegiae,0.334121689146701,0.0367875800542705,0.29733410909243,Angiosperm,Asian,Wet,Ceropegiae_C31_C_maccannii
Ceropegiae,0.387775389256754,0.0426949780236965,0.345080411233057,Angiosperm,Asian,Wet,Ceropegiae_C65_Ceropegia_ensifolia
Ceropegiae,0.397521881229545,0.0437680896035315,0.353753791626014,Angiosperm,Asian,Wet,Ceropegiae_C35_C_rollae
Ceropegiae,0.356673681654459,0.0392706072168628,0.317403074437597,Angiosperm,Asian,Wet,Ceropegiae_C18_Ceropegia_sp_1
Ceropegiae,0.42407544271097,0.0466916988766039,0.377383743834366,Angiosperm,Asian,Wet,Ceropegiae_C29_C_lawii
Ceropegiae,0.417026763645009,0.0459156228125863,0.371111140832423,Angiosperm,Asian,Wet,Ceropegiae_C26_C_panchganiensis
Ceropegiae,0.437886751153259,0.0482123562642536,0.389674394889005,Angiosperm,Asian,Wet,Ceropegiae_Ceropegia_evansii
Ceropegiae,0.367557727287834,0.0404689661174019,0.327088761170432,Angiosperm,Asian,Wet,Ceropegiae_C38_C_vincaefolia
Ceropegiae,0.3196003346234,0.0351887449310954,0.284411589692305,Angiosperm,Asian,Wet,Ceropegiae_C20_C_fantastica
Ceropegiae,0.479042313133344,0.0527436799711565,0.426298633162187,Angiosperm,Asian,Wet,Ceropegiae_C33_C_vincifolia
Ceropegiae,0.413692496989,0.045548512249236,0.368143984739764,Angiosperm,Asian,Wet,Ceropegiae_C24_C_oculata
Ceropegiae,0.407402691998624,0.044855989997238,0.362546702001386,Angiosperm,Asian,Wet,Ceropegiae_C37_C_oculata
Ceropegiae,0.398287496796447,0.0438523856695251,0.354435111126922,Angiosperm,Asian,Wet,Ceropegiae_C66_Ceropegia_ciliata
Ceropegiae,0.42128638150914,0.0463846167099221,0.374901764799218,Angiosperm,Asian,Wet,Ceropegiae_C69_Ceropegia_hirsuta
Ceropegiae,0.334492038189577,0.0368283563507678,0.297663681838809,Angiosperm,Asian,Wet,Ceropegiae_C4_C_decaisneana
Ceropegiae,0.351092691910174,0.0386561271825846,0.312436564727589,Angiosperm,Asian,Wet,Ceropegiae_C13_C_hirsuta
Memecylon,0.143156999085707,0.00960251321533092,0.133554485870376,Angiosperm,Asian,Wet,Memecylon_sp20
Memecylon,0.101457765209662,0.00680546209717936,0.0946523031124822,Angiosperm,Asian,Wet,Memecylon_terminale
Memecylon,0.101429737749947,0.006803582104905,0.094626155645042,Angiosperm,Asian,Wet,Memecylon_sp1
Memecylon,0.103664258975854,0.00695346663544662,0.0967107923404072,Angiosperm,Asian,Wet,Memecylon_hookeri
Memecylon,0.0920529103488589,0.0061746145405394,0.0858782958083195,Angiosperm,Asian,Wet,Memecylon_wightii
Memecylon,0.0951908195005195,0.0063850954411574,0.0888057240593621,Angiosperm,Asian,Wet,Memecylon_urceolatum
Memecylon,0.13363328189984,0.00896369275443533,0.124669589145404,Angiosperm,Asian,Wet,Memecylon_gracillimum
Memecylon,0.113225887977506,0.00759483009957936,0.105631057877927,Angiosperm,Asian,Wet,Memecylon_capitellatum
Memecylon,0.0936841666722883,0.00628403399263301,0.0874001326796553,Angiosperm,Asian,Wet,Memecylon_varians
Memecylon,0.0956148323695635,0.00641353686703576,0.0892012955025277,Angiosperm,Asian,Wet,Memecylon_orbiculare
Memecylon,0.100256914114419,0.0067249128499518,0.0935320012644672,Angiosperm,Asian,Wet,Memecylon_flavescens
Memecylon,0.0969557428931534,0.00650348085234967,0.0904522620408037,Angiosperm,Asian,Wet,Memecylon_sessile
Memecylon,0.100156587804902,0.00671818328228036,0.0934384045226212,Angiosperm,Asian,Wet,Memecylon_sp3
Memecylon,0.103700394467037,0.00695589048851594,0.096744503978521,Angiosperm,Asian,Wet,Memecylon_sp8
Memecylon,0.1295966561519,0.00869292882156796,0.120903727330332,Angiosperm,Asian,Wet,Memecylon_kollimalayanum
Memecylon,0.159454135817787,0.0106956729758828,0.148758462841904,Angiosperm,Asian,Wet,Memecylon_lawsonii
Memecylon,0.0888236639244972,0.00595800702806334,0.0828656568964339,Angiosperm,Asian,Wet,Memecylon_spD3
Memecylon,0.0763566087612859,0.0051217568780492,0.0712348518832367,Angiosperm,Asian,Wet,Memecylon_spN8
Memecylon,0.0742514538172431,0.00498054982355941,0.0692709039936837,Angiosperm,Asian,Wet,Memecylon_giganteum
Memecylon,0.100854529315949,0.0067649989645464,0.0940895303514021,Angiosperm,Asian,Wet,Memecylon_sylvaticum
Memecylon,0.116793543620031,0.0078341370190726,0.108959406600958,Angiosperm,Asian,Wet,Memecylon_macrophyllum
Memecylon,0.113075682456494,0.00758475479407739,0.105490927662417,Angiosperm,Asian,Wet,Memecylon_spK45
Memecylon,0.105277111651364,0.00706165162975277,0.0982154600216117,Angiosperm,Asian,Wet,Memecylon_fuscescens
Memecylon,0.136203460084267,0.00913609207922801,0.127067368005039,Angiosperm,Asian,Wet,Memecylon_rhinophyllum
Memecylon,0.0853304860617274,0.00572369583961305,0.0796067902221143,Angiosperm,Asian,Wet,Memecylon_sp18
Memecylon,0.0892032978617709,0.00598347165726722,0.0832198262045036,Angiosperm,Asian,Wet,Memecylon_grande
Memecylon,0.0814898135027877,0.00546607581936593,0.0760237376834218,Angiosperm,Asian,Wet,Memecylon_sp5
Memecylon,0.0859079921007986,0.00576243309596469,0.0801455590048339,Angiosperm,Asian,Wet,Memecylon_procerum
Memecylon,0.0999543416505496,0.00670461725768975,0.0932497243928599,Angiosperm,Asian,Wet,Memecylon_umbellatum1
Memecylon,0.0832767349131725,0.00558593678716747,0.077690798126005,Angiosperm,Asian,Wet,Memecylon_petiolatum
Memecylon,0.0898463422262545,0.00602660501468205,0.0838197372115724,Angiosperm,Asian,Wet,Memecylon_sp16
Memecylon,0.10666126594034,0.00715449626841404,0.0995067696719259,Angiosperm,Asian,Wet,Memecylon_cuneatum
Memecylon,0.0924481325839499,0.00620112478285862,0.0862470078010913,Angiosperm,Asian,Wet,Memecylon_discolor
Memecylon,0.0931089397546833,0.00624544961245326,0.0868634901422301,Angiosperm,Asian,Wet,Memecylon_spP3
Memecylon,0.0803350008687483,0.0053886146847346,0.0749463861840137,Angiosperm,Asian,Wet,Memecylon_rostratum
Memecylon,0.077712168694731,0.00521268349887957,0.0724994851958514,Angiosperm,Asian,Wet,Memecylon_rivulare
Memecylon,0.0917921762409225,0.00615712533125772,0.0856350509096647,Angiosperm,Asian,Wet,Memecylon_clarkeanum
Memecylon,0.108491791700466,0.00727728207640718,0.101214509624059,Angiosperm,Asian,Wet,Memecylon_elaeagni
